station_id,cluster_id,is_anchor,cluster_size,historical_rent,weight
ST0000,CL_ST0333,False,5,1,3.3746161374143694e-05
ST0001,CL_ST0001,True,3,804,0.6961038961038961
ST0003,CL_ST0005,False,5,14627,0.2514656076469476
ST0004,CL_ST0392,False,4,6310,0.13795666717680755
ST0005,CL_ST0005,True,5,18573,0.31930476043117234
ST0006,CL_ST0433,False,5,7873,0.1324506653656567
ST0007,CL_ST0433,False,5,12336,0.2075335206339059
ST0008,CL_ST0426,False,5,31934,0.3009490062293259
ST0010,CL_ST0384,False,3,7455,0.3343199246602987
ST0011,CL_ST0392,False,4,14605,0.3193117470867312
ST0012,CL_ST0385,False,5,17906,0.265533707032061
ST0013,CL_ST0013,True,3,18766,0.4626041512596756
ST0014,CL_ST0014,True,3,25055,0.60231261118323
ST0015,CL_ST0442,False,5,9539,0.1713520990138138
ST0016,CL_ST1041,False,5,3048,0.06861928454039938
ST0017,CL_ST0017,True,2,14787,0.5174622060470325
ST0018,CL_ST1172,False,3,5652,0.12745230685969422
ST0019,CL_ST0097,False,5,11925,0.15064426478019202
ST0020,CL_ST0449,False,5,18838,0.29805547205037736
ST0021,CL_ST0415,False,4,2917,0.05672779603663873
ST0022,CL_ST0201,False,4,9614,0.21289693963417336
ST0023,CL_ST0023,True,3,987,0.44200626959247646
ST0024,CL_ST1069,False,2,2066,0.4831618334892423
ST0025,CL_ST0025,True,5,29076,0.5367843890191445
ST0026,CL_ST0026,True,1,619,1.0
ST0027,CL_ST0469,False,4,872,0.2448750351024993
ST0029,CL_ST0827,False,5,1550,0.1427255985267035
ST0030,CL_ST0357,False,4,6658,0.2751694494957844
ST0031,CL_ST0031,True,1,400,1.0
ST0032,CL_ST0032,True,3,4378,0.7133778719243931
ST0033,CL_ST0033,True,2,553,0.7285902503293807
ST0034,CL_ST0034,True,2,4247,0.6702967171717171
ST0035,CL_ST0507,False,5,1,4.449388209121246e-05
ST0036,CL_ST0408,False,5,10108,0.155011655011655
ST0037,CL_ST0539,False,5,2941,0.11403202667597225
ST0038,CL_ST0410,False,5,4827,0.10421209438891167
ST0039,CL_ST0039,True,3,10268,0.6548887046367753
ST0040,CL_ST0040,True,3,4304,0.9155498830036163
ST0041,CL_ST0516,False,4,3079,0.1858962748294391
ST0042,CL_ST0686,False,5,11615,0.1649647062165348
ST0043,CL_ST0683,False,5,5556,0.19809605305380254
ST0045,CL_ST0547,False,5,2554,0.171042057326547
ST0046,CL_ST0046,True,1,1509,1.0
ST0047,CL_ST0348,False,5,7386,0.23388961018398302
ST0048,CL_ST0996,False,4,2971,0.25310955869824503
ST0049,CL_ST0585,False,5,3640,0.1284086499453205
ST0050,CL_ST0050,True,5,12592,0.1473748273682732
ST0051,CL_ST1367,False,3,11697,0.2915503489531406
ST0052,CL_ST0601,False,5,7230,0.28966346153846156
ST0053,CL_ST0604,False,4,7084,0.2299029630350826
ST0054,CL_ST0054,True,3,1359,0.6815446339017052
ST0055,CL_ST0083,False,5,5085,0.17833970469610352
ST0056,CL_ST0056,True,3,9409,0.6836942304897544
ST0057,CL_ST0629,False,5,1768,0.16293429177034374
ST0058,CL_ST0629,False,5,1306,0.12035757073080822
ST0059,CL_ST0059,True,2,8185,0.6057130170946496
ST0060,CL_ST0632,False,5,1,4.514876518127229e-05
ST0062,CL_ST0062,True,3,17056,0.7622111989989722
ST0063,CL_ST0063,True,5,9066,0.3335909040732973
ST0064,CL_ST0064,True,3,9768,0.5333915797520887
ST0065,CL_ST0065,True,4,34092,0.7434091454240171
ST0066,CL_ST0066,True,2,4022,0.6668877466423478
ST0067,CL_ST0067,True,5,14150,0.31051130129471144
ST0068,CL_ST0068,True,5,543,0.45553691275167785
ST0069,CL_ST0670,False,2,12116,0.3831873240772953
ST0071,CL_ST0072,False,5,4886,0.2811762674800023
ST0072,CL_ST0072,True,5,6015,0.34614720607699834
ST0073,CL_ST0660,False,5,1760,0.14044047239067986
ST0074,CL_ST0660,False,5,1598,0.12751356527290136
ST0075,CL_ST1344,False,5,3141,0.10999824899317108
ST0076,CL_ST0660,False,5,3539,0.28239706351739546
ST0077,CL_ST0072,False,5,997,0.057374690683086836
ST0078,CL_ST0357,False,4,4104,0.16961481236568027
ST0079,CL_ST0079,True,2,11959,0.5725296821141325
ST0080,CL_ST0079,False,2,8929,0.4274703178858675
ST0081,CL_ST0081,True,2,3608,0.9570291777188329
ST0082,CL_ST0627,False,5,2472,0.09905830494890804
ST0083,CL_ST0083,True,5,11894,0.41714305755269526
ST0084,CL_ST0675,False,5,3251,0.25875517351162053
ST0086,CL_ST0023,False,3,513,0.22973578145991938
ST0087,CL_ST0697,False,5,544,0.08538690943336996
ST0088,CL_ST0697,False,5,253,0.039711191335740074
ST0089,CL_ST0089,True,2,773,0.8946759259259259
ST0090,CL_ST0090,True,4,2341,0.268432519206513
ST0091,CL_ST0393,False,3,6494,0.18231330713082539
ST0092,CL_ST0005,False,5,4676,0.08038922413052074
ST0093,CL_ST0445,False,5,9678,0.11104099498605964
ST0094,CL_ST0445,False,5,28816,0.33062175155179735
ST0095,CL_ST0445,False,5,7366,0.08451415262113197
ST0096,CL_ST0097,False,5,12251,0.15476250631632138
ST0097,CL_ST0097,True,5,32884,0.41541182415361294
ST0099,CL_ST0416,False,3,3402,0.14325416877210712
ST0100,CL_ST0100,True,2,8947,0.6600029507229271
ST0101,CL_ST0101,True,2,12855,0.59676895223063
ST0102,CL_ST0707,False,5,9094,0.2232642639693607
ST0103,CL_ST0103,True,4,13702,0.3612634465302679
ST0104,CL_ST0104,True,5,10268,0.35365433629537785
ST0105,CL_ST0104,False,5,5539,0.1907763311979059
ST0106,CL_ST0106,True,3,10014,0.5295610787942887
ST0107,CL_ST0107,True,5,10939,0.3505527960262778
ST0108,CL_ST0108,True,2,6257,0.5323294197719926
ST0109,CL_ST1109,False,5,3120,0.14707962098713054
ST0110,CL_ST0723,False,5,881,0.05739039801967299
ST0111,CL_ST0723,False,5,3061,0.19940069050876164
ST0112,CL_ST0723,False,5,2393,0.1558856100579767
ST0113,CL_ST0726,False,4,3004,0.21617731721358666
ST0114,CL_ST1154,False,5,2905,0.13979788257940326
ST0115,CL_ST1154,False,5,1351,0.06501443695861406
ST0116,CL_ST0461,False,4,4361,0.18590672691619065
ST0117,CL_ST0118,False,5,6314,0.12184719890387696
ST0118,CL_ST0118,True,5,13077,0.25235917327621143
ST0119,CL_ST0118,False,5,11725,0.22626835716629035
ST0120,CL_ST0734,False,3,4798,0.39218571195030244
ST0122,CL_ST0122,True,5,14473,0.4498632351112769
ST0123,CL_ST0122,False,5,3205,0.09962078826308592
ST0124,CL_ST0687,False,5,17777,0.20281571231360737
ST0125,CL_ST1243,False,3,18354,0.401294356866432
ST0126,CL_ST0735,False,5,23252,0.2511557571829769
ST0127,CL_ST0735,False,5,15750,0.17012313674659754
ST0128,CL_ST0735,False,5,9877,0.10668610931086628
ST0129,CL_ST1060,False,2,7418,0.4541725341333497
ST0130,CL_ST0391,False,2,3517,0.3936646518916499
ST0131,CL_ST0025,False,5,12954,0.23914929754278436
ST0132,CL_ST1039,False,4,30845,0.21637414593767976
ST0133,CL_ST0705,False,2,6278,0.32547047540048735
ST0134,CL_ST0097,False,5,13421,0.16954269833249117
ST0135,CL_ST0135,True,2,1340,0.6341694273544723
ST0136,CL_ST0135,False,2,773,0.3658305726455277
ST0137,CL_ST0137,True,4,15562,0.5035594097851411
ST0138,CL_ST0151,False,5,17973,0.22271099490712631
ST0139,CL_ST0911,False,4,5046,0.2302007299270073
ST0140,CL_ST0140,True,5,10179,0.44189277186889514
ST0141,CL_ST0144,False,3,1847,0.3037828947368421
ST0142,CL_ST0142,True,3,3977,0.5092841593033679
ST0143,CL_ST0952,False,2,8538,0.39341996129388995
ST0144,CL_ST0144,True,3,3130,0.5148026315789473
ST0145,CL_ST0145,True,1,7931,1.0
ST0146,CL_ST0144,False,3,1103,0.18141447368421051
ST0147,CL_ST0941,False,4,4724,0.15472291366435215
ST0148,CL_ST0747,False,5,5155,0.13641174913998413
ST0149,CL_ST0939,False,3,8344,0.38690531392005933
ST0150,CL_ST0151,False,5,18094,0.224210356748987
ST0151,CL_ST0151,True,5,19476,0.24133529943866866
ST0152,CL_ST0152,True,4,16778,0.3738996724087982
ST0153,CL_ST1076,False,4,7281,0.2441731781749891
ST0154,CL_ST0154,True,4,7942,0.4455290025805004
ST0155,CL_ST0155,True,3,4151,0.49194121829817494
ST0156,CL_ST0155,False,3,2938,0.34818677411708937
ST0157,CL_ST0155,False,3,1349,0.15987200758473571
ST0158,CL_ST0160,False,5,3020,0.1306002421726345
ST0160,CL_ST0160,True,5,8646,0.37389724961079396
ST0161,CL_ST0160,False,5,3145,0.1360058813354091
ST0162,CL_ST0160,False,5,5050,0.2183878221760941
ST0163,CL_ST0160,False,5,3263,0.1411088047050683
ST0164,CL_ST0750,False,2,3641,0.3783643354463265
ST0165,CL_ST0165,True,1,1088,1.0
ST0166,CL_ST0166,True,3,755,0.29331779331779334
ST0167,CL_ST0166,False,3,643,0.2498057498057498
ST0168,CL_ST0168,True,5,5436,0.4471865745310958
ST0169,CL_ST0168,False,5,1729,0.1422342875946035
ST0170,CL_ST0168,False,5,774,0.06367226061204344
ST0171,CL_ST1212,False,3,2483,0.1968135700697527
ST0172,CL_ST0140,False,5,3773,0.1637942261775559
ST0173,CL_ST0140,False,5,3253,0.14121988278706316
ST0174,CL_ST0140,False,5,4609,0.20008682439765574
ST0175,CL_ST0140,False,5,1221,0.053006294768830044
ST0176,CL_ST0754,False,5,2960,0.16151915311579176
ST0177,CL_ST1212,False,3,2771,0.2196417247939125
ST0178,CL_ST0754,False,5,1737,0.09478336789261159
ST0179,CL_ST0754,False,5,5439,0.2967914438502674
ST0181,CL_ST0181,True,4,3084,0.671164309031556
ST0182,CL_ST0184,False,5,6063,0.16519535720124243
ST0183,CL_ST0184,False,5,1794,0.04888017001798267
ST0184,CL_ST0184,True,5,14837,0.4042558988610975
ST0185,CL_ST0184,False,5,11286,0.30750367827366354
ST0186,CL_ST0186,True,4,4283,0.371015246015246
ST0187,CL_ST0186,False,4,2457,0.21283783783783783
ST0188,CL_ST0188,True,1,11785,1.0
ST0189,CL_ST0189,True,2,5745,0.41827448125227523
ST0190,CL_ST0189,False,2,7990,0.5817255187477248
ST0191,CL_ST0406,False,1,46574,1.0
ST0192,CL_ST0192,True,5,41993,0.2821882643872806
ST0193,CL_ST1023,False,5,35110,0.27049515019376114
ST0194,CL_ST0195,False,3,12425,0.2602530266850991
ST0195,CL_ST0195,True,3,19420,0.40676972058145866
ST0196,CL_ST1085,False,5,11839,0.10741634608405314
ST0197,CL_ST0201,False,4,10863,0.2405553833207848
ST0198,CL_ST0462,False,1,27998,1.0
ST0199,CL_ST0192,False,5,28196,0.18947396715318657
ST0200,CL_ST0195,False,3,15897,0.33297725273344225
ST0201,CL_ST0201,True,4,12898,0.2856193808406041
ST0202,CL_ST0202,True,2,7421,0.7625359638306617
ST0203,CL_ST0203,True,2,10144,0.4363761507356104
ST0204,CL_ST0770,False,2,4689,0.16563637005899184
ST0205,CL_ST0772,False,5,3260,0.08381109082962697
ST0206,CL_ST0772,False,5,6761,0.17381803223899014
ST0207,CL_ST0772,False,5,6689,0.1719669897421395
ST0208,CL_ST0209,False,2,7301,0.4406687590535973
ST0209,CL_ST0209,True,2,9267,0.5593312409464027
ST0210,CL_ST1070,False,5,5621,0.12668469686725264
ST0211,CL_ST1070,False,5,9286,0.20928555330178047
ST0212,CL_ST0212,True,2,6019,0.5647401013323325
ST0213,CL_ST0220,False,4,5943,0.20488864372888368
ST0214,CL_ST0215,False,3,1239,0.10911492734478204
ST0215,CL_ST0215,True,3,8644,0.7612505504183179
ST0216,CL_ST0212,False,2,4639,0.43525989866766746
ST0217,CL_ST0215,False,3,1472,0.12963452223690006
ST0219,CL_ST0219,True,4,7147,0.3269591472619974
ST0220,CL_ST0220,True,4,8610,0.29683513755774665
ST0221,CL_ST0220,False,4,8319,0.286802730469558
ST0222,CL_ST0225,False,5,3562,0.1373221789583253
ST0223,CL_ST0223,True,2,4361,0.80550424824529
ST0224,CL_ST0225,False,5,6928,0.26708816839508076
ST0225,CL_ST0225,True,5,9152,0.35282778827248545
ST0226,CL_ST0225,False,5,3326,0.12822390994255753
ST0227,CL_ST0219,False,4,4168,0.19067660917699802
ST0228,CL_ST0777,False,3,8120,0.4446391413864856
ST0229,CL_ST0419,False,5,6248,0.19204524497448822
ST0230,CL_ST0419,False,5,4197,0.12900350402655683
ST0231,CL_ST0233,False,3,4427,0.3184662973886771
ST0232,CL_ST0233,False,3,4367,0.3141500611466801
ST0233,CL_ST0233,True,3,5107,0.3673836414646428
ST0234,CL_ST0220,False,4,6134,0.21147348824381162
ST0235,CL_ST1138,False,5,9794,0.2443978639516894
ST0236,CL_ST1128,False,4,6311,0.27010485769313075
ST0237,CL_ST1128,False,4,7265,0.31093515942649264
ST0238,CL_ST0238,True,4,13082,0.6334495448382723
ST0239,CL_ST0788,False,5,6149,0.21703374276436538
ST0240,CL_ST0787,False,1,4624,1.0
ST0241,CL_ST0788,False,5,6089,0.21491599604687278
ST0242,CL_ST0463,False,5,6211,0.18023272685064276
ST0243,CL_ST0464,False,5,5173,0.10746857795782694
ST0244,CL_ST0464,False,5,4362,0.09062013088189468
ST0246,CL_ST0246,True,5,9351,0.467971174056651
ST0247,CL_ST0246,False,5,2749,0.1375738164347913
ST0248,CL_ST0248,True,4,2906,0.35499633520645
ST0249,CL_ST0259,False,5,1641,0.07736551789165999
ST0250,CL_ST0250,True,5,6715,0.33984513386304976
ST0251,CL_ST0805,False,5,3065,0.17592698886465388
ST0253,CL_ST0805,False,5,4462,0.2561129606244978
ST0254,CL_ST0256,False,5,4561,0.2278790906819885
ST0255,CL_ST0256,False,5,2888,0.14429178116412691
ST0256,CL_ST0256,True,5,7043,0.35188608543592304
ST0257,CL_ST0256,False,5,2490,0.12440669497876593
ST0258,CL_ST0259,False,5,5359,0.2526519258875112
ST0259,CL_ST0259,True,5,7867,0.3708924614586771
ST0260,CL_ST0246,False,5,1571,0.07862075868281454
ST0261,CL_ST0248,False,4,3775,0.4611531883703885
ST0262,CL_ST0263,False,5,7178,0.25253307064452574
ST0263,CL_ST0263,True,5,8282,0.29137348719392064
ST0264,CL_ST0263,False,5,5530,0.19455389811426962
ST0265,CL_ST0263,False,5,5097,0.17932029271038558
ST0266,CL_ST0256,False,5,3033,0.1515363477391956
ST0267,CL_ST0267,True,2,2325,0.6045241809672387
ST0268,CL_ST0267,False,2,1521,0.3954758190327613
ST0269,CL_ST0810,False,2,1389,0.3478587528174305
ST0270,CL_ST0270,True,4,6571,0.7208205353225099
ST0271,CL_ST0270,False,4,1972,0.21632294866169371
ST0272,CL_ST0270,False,4,483,0.05298376480912681
ST0273,CL_ST0816,False,4,1435,0.20202731240320992
ST0274,CL_ST0815,False,3,9179,0.8986684942236146
ST0275,CL_ST0275,True,3,5638,0.7805620933130278
ST0276,CL_ST0276,True,3,9544,0.8595874988741782
ST0277,CL_ST0278,False,3,4729,0.3689343111249805
ST0278,CL_ST0278,True,3,5671,0.44242471524418786
ST0279,CL_ST0817,False,4,2434,0.15111442230086297
ST0280,CL_ST0817,False,4,1501,0.09318929657912708
ST0281,CL_ST0278,False,3,2418,0.18864097363083165
ST0282,CL_ST0284,False,5,1338,0.14116902300063305
ST0283,CL_ST0284,False,5,1634,0.17239924034606458
ST0284,CL_ST0284,True,5,4168,0.4397552226208061
ST0285,CL_ST1231,False,3,8626,0.7632277473013626
ST0286,CL_ST0821,False,3,4139,0.4212722646310433
ST0287,CL_ST0288,False,4,10034,0.3949460757301425
ST0288,CL_ST0288,True,4,11503,0.4527670628985279
ST0289,CL_ST0289,True,3,17941,0.6221520962652148
ST0290,CL_ST0290,True,5,15612,0.30675521672495776
ST0291,CL_ST0290,False,5,7517,0.1476991393877471
ST0292,CL_ST0292,True,2,4924,0.633556356150283
ST0293,CL_ST0293,True,5,2651,0.3395235655737705
ST0294,CL_ST0293,False,5,1151,0.1474129098360656
ST0295,CL_ST0299,False,4,1967,0.33543656207366984
ST0296,CL_ST0296,True,3,1964,0.7141818181818181
ST0297,CL_ST0297,True,5,1604,0.5214564369310793
ST0298,CL_ST0297,False,5,594,0.1931079323797139
ST0299,CL_ST0299,True,4,3073,0.5240450204638472
ST0300,CL_ST0296,False,3,625,0.22727272727272727
ST0301,CL_ST0302,False,4,1623,0.15378055713473565
ST0302,CL_ST0302,True,4,6328,0.5995830964563199
ST0303,CL_ST0303,True,5,5053,0.3892612279485402
ST0304,CL_ST0303,False,5,1916,0.14760033895693705
ST0305,CL_ST0303,False,5,1535,0.11824974963408058
ST0306,CL_ST1374,False,4,1872,0.16852718761253152
ST0307,CL_ST0307,True,3,1382,0.39667049368541907
ST0308,CL_ST1304,False,3,1083,0.15666136265007957
ST0309,CL_ST0302,False,4,2131,0.20191396626871327
ST0310,CL_ST1375,False,2,648,0.06727574750830564
ST0311,CL_ST0311,True,3,621,0.20387393302692056
ST0312,CL_ST0311,False,3,463,0.15200262639527248
ST0313,CL_ST0869,False,4,12079,0.2738753854525667
ST0314,CL_ST0869,False,4,8878,0.20129693451841102
ST0315,CL_ST0869,False,4,8396,0.19036822056956285
ST0316,CL_ST0875,False,4,12040,0.38405103668261564
ST0317,CL_ST0122,False,5,14050,0.43671515603630484
ST0318,CL_ST0318,True,3,9336,0.6233974358974359
ST0319,CL_ST1474,False,1,11944,1.0
ST0320,CL_ST0320,True,3,28626,0.5365497076023392
ST0321,CL_ST0320,False,3,13329,0.24983130904183537
ST0322,CL_ST0313,False,1,24094,1.0
ST0323,CL_ST0323,True,5,16475,0.472957455359706
ST0324,CL_ST0879,False,4,2001,0.06058128973660309
ST0325,CL_ST0879,False,4,7770,0.23524069028156222
ST0326,CL_ST0327,False,3,13226,0.409055763461479
ST0327,CL_ST0327,True,3,16629,0.5143042711780533
ST0328,CL_ST0328,True,2,17775,0.8484486873508353
ST0329,CL_ST0329,True,2,16194,0.7001297016861219
ST0330,CL_ST0892,False,5,4783,0.09694942738420999
ST0331,CL_ST0896,False,4,5061,0.25639596737423376
ST0332,CL_ST0896,False,4,4800,0.24317341304017429
ST0333,CL_ST0333,True,5,17029,0.5746633820402929
ST0334,CL_ST0900,False,4,2271,0.15695625129587393
ST0335,CL_ST0333,False,5,3239,0.10930381669085142
ST0336,CL_ST0910,False,3,2230,0.2157925295142249
ST0337,CL_ST0337,True,3,3225,0.5592162302757067
ST0338,CL_ST1050,False,5,8958,0.2532153659157079
ST0339,CL_ST0776,False,2,3510,0.45774647887323944
ST0340,CL_ST0083,False,5,3456,0.12120787009434293
ST0341,CL_ST0958,False,5,9076,0.2062867922812919
ST0342,CL_ST0056,False,3,2725,0.1980090103182677
ST0343,CL_ST0343,True,3,1348,0.4273937856689918
ST0344,CL_ST0343,False,3,655,0.2076727964489537
ST0346,CL_ST1268,False,5,970,0.11633485248260973
ST0347,CL_ST0347,True,1,10297,1.0
ST0348,CL_ST0348,True,5,8605,0.2724912125146458
ST0349,CL_ST0599,False,3,3751,0.2649198389716788
ST0350,CL_ST0351,False,4,7,0.0005983417386101376
ST0351,CL_ST0351,True,4,6587,0.5630395760321395
ST0352,CL_ST0539,False,5,2803,0.1086813229421116
ST0353,CL_ST0683,False,5,4908,0.1749919777516312
ST0354,CL_ST1362,False,4,4872,0.19687234816341376
ST0355,CL_ST0685,False,5,7238,0.09578381811925998
ST0356,CL_ST0600,False,4,7053,0.18459968068678514
ST0357,CL_ST0357,True,4,12572,0.5195900148784923
ST0358,CL_ST0050,False,5,4804,0.056225275625570566
ST0359,CL_ST0600,False,4,8668,0.2268694218336954
ST0360,CL_ST1421,False,4,3550,0.1437246963562753
ST0361,CL_ST1421,False,4,9052,0.36647773279352225
ST0362,CL_ST0362,True,5,12763,0.37337272913436503
ST0363,CL_ST1032,False,4,9665,0.14797519712164128
ST0364,CL_ST0362,False,5,3070,0.08981072462920164
ST0365,CL_ST0362,False,5,3616,0.10578357663165901
ST0366,CL_ST1016,False,2,5650,0.09091640518143053
ST0367,CL_ST0367,True,3,2109,0.26329588014981276
ST0368,CL_ST0892,False,5,4101,0.08312557008209182
ST0369,CL_ST1408,False,1,2538,0.08950802327631811
ST0370,CL_ST0089,False,2,91,0.10532407407407407
ST0371,CL_ST0699,False,5,379,0.08411007545494896
ST0372,CL_ST0023,False,3,733,0.32825794894760413
ST0373,CL_ST0191,False,1,59948,1.0
ST0374,CL_ST1408,False,1,25817,0.9104919767236819
ST0375,CL_ST0375,True,3,39898,0.6399140323020417
ST0376,CL_ST0375,False,3,22306,0.3577603490031917
ST0377,CL_ST0377,True,4,18107,0.6416826139343681
ST0378,CL_ST0907,False,5,5430,0.27276837293414374
ST0379,CL_ST0379,True,3,9639,0.5848198034219149
ST0380,CL_ST0379,False,3,353,0.02141730372527606
ST0381,CL_ST0379,False,3,6490,0.39376289285280913
ST0382,CL_ST0442,False,5,8866,0.15926278539222907
ST0383,CL_ST0014,False,3,13559,0.32595317082552044
ST0384,CL_ST0384,True,3,10038,0.45015471545809227
ST0385,CL_ST0385,True,5,26259,0.38940297179464367
ST0386,CL_ST0386,True,4,11733,0.4116986560931963
ST0387,CL_ST0386,False,4,4434,0.15558440647040248
ST0388,CL_ST0392,False,4,6369,0.13924659480968102
ST0389,CL_ST0689,False,5,8708,0.2540479038422266
ST0390,CL_ST0386,False,4,6973,0.24467525176321978
ST0391,CL_ST0391,True,2,5417,0.6063353481083501
ST0392,CL_ST0392,True,4,18455,0.4034849909267802
ST0393,CL_ST0393,True,3,18249,0.5123245367770916
ST0394,CL_ST0393,False,3,10877,0.3053621560920831
ST0395,CL_ST0013,False,3,13559,0.3342454272050486
ST0396,CL_ST0600,False,4,10835,0.28358677729211923
ST0397,CL_ST0397,True,2,6055,0.5227488560821895
ST0398,CL_ST1066,False,3,17009,0.3727918292201815
ST0399,CL_ST0399,True,1,2323,1.0
ST0400,CL_ST0400,True,1,3505,1.0
ST0401,CL_ST0401,True,3,7686,0.43759963561831017
ST0403,CL_ST0886,False,3,8864,0.28743757701537065
ST0404,CL_ST1023,False,5,14984,0.11544002650251543
ST0405,CL_ST1312,False,4,1726,0.10715172585050907
ST0406,CL_ST0198,False,1,42973,1.0
ST0407,CL_ST1039,False,4,41211,0.2890904499347616
ST0408,CL_ST0408,True,5,37679,0.5778278738805055
ST0409,CL_ST0408,False,5,12457,0.1910348423506318
ST0410,CL_ST0410,True,5,17578,0.3794986938405406
ST0411,CL_ST1076,False,4,9341,0.3132566484456219
ST0412,CL_ST0413,False,4,55220,0.6349461871033024
ST0413,CL_ST0413,True,4,21334,0.2453086192622574
ST0414,CL_ST0414,True,2,6479,0.794774288518155
ST0415,CL_ST0415,True,4,38790,0.7543610587114215
ST0416,CL_ST0416,True,3,16771,0.7062068384706081
ST0417,CL_ST0417,True,2,4280,0.8903682130226752
ST0418,CL_ST0219,False,4,4120,0.18848071732467175
ST0419,CL_ST0419,True,5,9957,0.30604905637179564
ST0420,CL_ST1070,False,5,6833,0.15400045075501465
ST0421,CL_ST0202,False,2,2311,0.23746403616933826
ST0422,CL_ST1154,False,5,1941,0.09340712223291626
ST0423,CL_ST0423,True,1,1188,1.0
ST0424,CL_ST0961,False,3,4407,0.3184708772944067
ST0425,CL_ST0426,False,5,16979,0.16001168587611087
ST0426,CL_ST0426,True,5,48514,0.4572004787439568
ST0427,CL_ST1079,False,4,5606,0.21883050979779842
ST0428,CL_ST1079,False,4,8751,0.3415957529861816
ST0430,CL_ST1041,False,5,5250,0.11819266530088475
ST0431,CL_ST0005,False,5,12882,0.22146577956573316
ST0432,CL_ST0432,True,2,21653,0.5829945343421017
ST0433,CL_ST0433,True,5,18162,0.30554667653639744
ST0434,CL_ST0433,False,5,12826,0.2157769889470231
ST0435,CL_ST1033,False,3,7589,0.16106371238168005
ST0436,CL_ST1033,False,3,3870,0.08213421622309945
ST0437,CL_ST0384,False,3,4806,0.21552535988160904
ST0438,CL_ST0385,False,5,6047,0.0896728653201649
ST0439,CL_ST0385,False,5,10134,0.1502802740457336
ST0440,CL_ST0385,False,5,7088,0.10511018180739687
ST0442,CL_ST0442,True,5,32814,0.589448346476495
ST0443,CL_ST1041,False,5,8775,0.1975505977171931
ST0444,CL_ST0017,False,2,13789,0.48253779395296753
ST0445,CL_ST0445,True,5,30286,0.3474878667232695
ST0446,CL_ST0446,True,5,41850,0.39144709150601903
ST0447,CL_ST1024,False,3,27530,0.2819425668755889
ST0447,CL_ST1024,False,3,27530,0.2819425668755889
ST0448,CL_ST1024,False,3,12638,0.12942935561836877
ST0449,CL_ST0449,True,5,29667,0.4693922756831163
ST0451,CL_ST0449,False,5,5597,0.08855592297833964
ST0452,CL_ST0449,False,5,5629,0.08906222805879467
ST0453,CL_ST1196,False,4,17008,0.2868950626655196
ST0454,CL_ST1196,False,4,6017,0.10149621307963497
ST0455,CL_ST1196,False,4,15104,0.2547779295919572
ST0456,CL_ST1032,False,4,20263,0.31023501492765826
ST0457,CL_ST1076,False,4,2816,0.09443643314665147
ST0459,CL_ST0749,False,2,7129,0.3723687646905197
ST0461,CL_ST0461,True,4,9526,0.4060874754881064
ST0462,CL_ST0201,False,4,11783,0.26092829620443775
ST0463,CL_ST0463,True,5,13396,0.3887292881808421
ST0464,CL_ST0464,True,5,20910,0.4344032408850109
ST0465,CL_ST0464,False,5,13481,0.2800664796925314
ST0466,CL_ST1039,False,4,21596,0.1514934691415183
ST0467,CL_ST0025,False,5,6415,0.11843004043052043
ST0468,CL_ST0692,False,2,986,0.473583093179635
ST0469,CL_ST0469,True,4,1519,0.42656557146868856
ST0470,CL_ST1109,False,5,5442,0.2565408004525527
ST0471,CL_ST0726,False,4,4207,0.30274899251583187
ST0472,CL_ST1145,False,4,1959,0.1472268149706899
ST0473,CL_ST1110,False,2,954,0.06303270564915758
ST0474,CL_ST0474,True,3,3113,0.4749771132133048
ST0475,CL_ST0474,False,3,1624,0.24778761061946902
ST0477,CL_ST1378,False,1,886,1.0
ST0478,CL_ST0478,True,3,2239,0.6107474086197491
ST0479,CL_ST0478,False,3,848,0.23131478450627388
ST0480,CL_ST0481,False,1,2009,1.0
ST0481,CL_ST0478,False,3,579,0.1579378068739771
ST0482,CL_ST0482,True,4,32141,0.9208400183360074
ST0484,CL_ST0485,False,3,2654,0.1727639630256477
ST0485,CL_ST0485,True,3,8645,0.562752245801328
ST0486,CL_ST0485,False,3,4063,0.26448379117302434
ST0487,CL_ST0487,True,4,22221,0.2556518137576364
ST0488,CL_ST0487,False,4,4003,0.04605437246171723
ST0489,CL_ST0489,True,2,3791,0.44184149184149185
ST0489,CL_ST0489,True,2,3791,0.44184149184149185
ST0490,CL_ST0505,False,4,3,0.00011942675159235669
ST0491,CL_ST0491,True,5,9011,0.5335741354808148
ST0492,CL_ST0494,False,5,2078,0.10154913746762449
ST0493,CL_ST0494,False,5,4648,0.2271416703318184
ST0494,CL_ST0494,True,5,9140,0.4466598250500904
ST0495,CL_ST0491,False,5,1594,0.09438654666035054
ST0496,CL_ST0491,False,5,6062,0.35895310279488396
ST0497,CL_ST1107,False,4,1871,0.23959533871174285
ST0498,CL_ST1107,False,4,1404,0.17979254706108336
ST0499,CL_ST1107,False,4,1448,0.1854270713279549
ST0500,CL_ST0034,False,2,2089,0.3297032828282828
ST0501,CL_ST0501,True,5,5301,0.2918731417244797
ST0502,CL_ST0033,False,2,206,0.27140974967061926
ST0503,CL_ST0494,False,5,4326,0.21140595220642133
ST0504,CL_ST0505,False,4,8333,0.33172770700636944
ST0505,CL_ST0505,True,4,16783,0.6681130573248407
ST0506,CL_ST0507,False,5,3768,0.16765294771968856
ST0507,CL_ST0507,True,5,8339,0.37103448275862067
ST0508,CL_ST0509,False,3,5457,0.35025673940949936
ST0509,CL_ST0509,True,3,9548,0.6128369704749679
ST0511,CL_ST0410,False,5,16718,0.36093179904574796
ST0512,CL_ST0410,False,5,4491,0.0969580517714113
ST0513,CL_ST0410,False,5,2705,0.058399360953388456
ST0514,CL_ST0514,True,3,5846,0.5398467079139349
ST0515,CL_ST0516,False,4,5217,0.3149791704401377
ST0516,CL_ST0516,True,4,6214,0.3751735796655195
ST0517,CL_ST0550,False,3,1808,0.2868930498254522
ST0518,CL_ST0514,False,3,2252,0.20796010711977098
ST0519,CL_ST0514,False,3,2731,0.2521931849662942
ST0520,CL_ST0507,False,5,2357,0.10487208008898777
ST0521,CL_ST0408,False,5,2629,0.040317139001349526
ST0522,CL_ST0507,False,5,8010,0.3563959955506118
ST0523,CL_ST0525,False,5,4309,0.07289058799648149
ST0524,CL_ST0531,False,3,11535,0.2850963914977756
ST0525,CL_ST0525,True,5,30340,0.5132282292441979
ST0527,CL_ST0525,False,5,4622,0.07818526287299547
ST0528,CL_ST0525,False,5,3172,0.0536572163204547
ST0529,CL_ST0872,False,3,4393,0.14552139923148272
ST0531,CL_ST0531,True,3,17625,0.4356154226396441
ST0532,CL_ST0534,False,5,3567,0.16257235312884555
ST0533,CL_ST0534,False,5,2961,0.1349528280388314
ST0534,CL_ST0534,True,5,10765,0.4906339729273962
ST0535,CL_ST0534,False,5,2790,0.12715919967184722
ST0536,CL_ST0536,True,2,8685,0.9357827820277987
ST0537,CL_ST0516,False,4,2053,0.1239509750649037
ST0538,CL_ST0686,False,5,8443,0.11991364740303086
ST0539,CL_ST0539,True,5,7370,0.2857585979605289
ST0540,CL_ST0539,False,5,2873,0.11139544802450467
ST0541,CL_ST1362,False,4,3738,0.15104861195296398
ST0542,CL_ST0685,False,5,6080,0.08045946589736125
ST0543,CL_ST0685,False,5,10360,0.13709869518037213
ST0545,CL_ST0545,True,3,7733,0.4698341333009296
ST0546,CL_ST0545,False,3,3784,0.22990461145877636
ST0547,CL_ST0547,True,5,7479,0.5008706134476293
ST0548,CL_ST0550,False,3,2095,0.3324341478895589
ST0549,CL_ST0547,False,5,1255,0.08404768282882401
ST0550,CL_ST0550,True,3,2399,0.3806728022849889
ST0551,CL_ST0547,False,5,406,0.027189927672113583
ST0552,CL_ST1278,False,3,2800,0.3382868188957352
ST0553,CL_ST0553,True,4,13378,0.6619495299356755
ST0554,CL_ST1370,False,1,4434,1.0
ST0555,CL_ST0555,True,2,3370,0.8429214607303652
ST0556,CL_ST0555,False,2,628,0.1570785392696348
ST0557,CL_ST0560,False,4,493,0.09342429410649991
ST0558,CL_ST0560,False,4,291,0.05514496873223423
ST0559,CL_ST0562,False,3,927,0.11147186147186147
ST0560,CL_ST0560,True,4,700,0.13265112753458405
ST0561,CL_ST0562,False,3,1666,0.20033670033670034
ST0562,CL_ST0562,True,3,5723,0.6881914381914382
ST0563,CL_ST0564,False,5,506,0.13908741066520067
ST0564,CL_ST0564,True,5,1429,0.39279824079164377
ST0565,CL_ST0564,False,5,498,0.13688840021990104
ST0566,CL_ST0564,False,5,516,0.14183617372182517
ST0568,CL_ST0564,False,5,689,0.18938977460142936
ST0569,CL_ST1209,False,4,284,0.012302360840372535
ST0570,CL_ST0570,True,1,625,1.0
ST0571,CL_ST0936,False,5,834,0.11479697178251892
ST0572,CL_ST0572,True,2,1387,0.8556446637877854
ST0573,CL_ST0573,True,5,6301,0.4824286042416354
ST0574,CL_ST0585,False,5,3852,0.1358873954915864
ST0575,CL_ST0577,False,5,2074,0.19020542920029346
ST0576,CL_ST0577,False,5,1130,0.10363169479090242
ST0577,CL_ST0577,True,5,3582,0.328503301540719
ST0578,CL_ST0577,False,5,3254,0.2984225972120323
ST0579,CL_ST0577,False,5,864,0.07923697725605282
ST0580,CL_ST0581,False,4,1210,0.2095963970206132
ST0581,CL_ST0581,True,4,1949,0.3376060973497315
ST0582,CL_ST0582,True,5,5013,0.26667730609639323
ST0583,CL_ST0582,False,5,4420,0.2351313969571231
ST0584,CL_ST0582,False,5,4052,0.21555484626024046
ST0585,CL_ST0585,True,5,10371,0.3658588210392634
ST0586,CL_ST0585,False,5,5341,0.18841499982361448
ST0587,CL_ST1010,False,2,97,0.028826151560178308
ST0589,CL_ST1009,False,3,1219,0.1619287991498406
ST0590,CL_ST0591,False,2,1833,0.3473564525298465
ST0591,CL_ST0591,True,2,3444,0.6526435474701535
ST0593,CL_ST0594,False,5,925,0.16809013265491551
ST0594,CL_ST0594,True,5,2026,0.36816282027984737
ST0595,CL_ST0573,False,5,880,0.0673761580277161
ST0596,CL_ST0573,False,5,3391,0.2596278998545288
ST0597,CL_ST1001,False,5,2260,0.243586979952576
ST0598,CL_ST0351,False,4,2695,0.23036156936490298
ST0599,CL_ST0599,True,3,10216,0.7215198813475527
ST0600,CL_ST0600,True,4,11651,0.3049441201874002
ST0601,CL_ST0601,True,5,8266,0.3311698717948718
ST0602,CL_ST0601,False,5,5172,0.20721153846153847
ST0603,CL_ST0603,True,2,5699,0.9480951588753951
ST0604,CL_ST0604,True,4,8625,0.2799143218771298
ST0605,CL_ST0581,False,4,1345,0.23298111900225185
ST0606,CL_ST0606,True,3,95,0.04963427377220481
ST0607,CL_ST0608,False,2,1132,0.2721808126953595
ST0608,CL_ST0608,True,2,3027,0.7278191873046406
ST0609,CL_ST0609,True,4,1296,0.6857142857142857
ST0610,CL_ST1340,False,3,721,0.08448558706351067
ST0611,CL_ST0609,False,4,187,0.09894179894179894
ST0613,CL_ST1340,False,3,1333,0.15619873447386923
ST0615,CL_ST0615,True,3,5451,0.3164035291386116
ST0616,CL_ST0615,False,3,8336,0.4838634780589738
ST0618,CL_ST1262,False,5,3326,0.21449761382690571
ST0619,CL_ST0622,False,4,796,0.20259608042758973
ST0620,CL_ST0054,False,3,616,0.30892678034102306
ST0621,CL_ST0622,False,4,520,0.1323491982692797
ST0622,CL_ST0622,True,4,1345,0.3423262916772716
ST0623,CL_ST0623,True,2,5199,0.9634914751667902
ST0624,CL_ST1205,False,2,463,0.2835272504592774
ST0625,CL_ST1348,False,2,7886,0.3057063110559777
ST0626,CL_ST0067,False,5,6661,0.14617072635505815
ST0627,CL_ST0627,True,5,13816,0.5536365457824083
ST0628,CL_ST0056,False,3,1628,0.11829675919197791
ST0629,CL_ST0629,True,5,3592,0.33102939821214633
ST0630,CL_ST0629,False,5,1388,0.12791447792830155
ST0631,CL_ST0632,False,5,165,0.007449546254909928
ST0632,CL_ST0632,True,5,8859,0.39997291074089125
ST0633,CL_ST0632,False,5,7458,0.33671949072192875
ST0634,CL_ST0634,True,5,6531,0.5642332613390929
ST0636,CL_ST0634,False,5,954,0.08241900647948164
ST0637,CL_ST0634,False,5,792,0.06842332613390929
ST0638,CL_ST0634,False,5,2138,0.1847084233261339
ST0639,CL_ST0639,True,2,5104,0.5894445086037648
ST0640,CL_ST1342,False,3,5982,0.2918191131274696
ST0641,CL_ST0107,False,5,8925,0.2860118570741868
ST0642,CL_ST0065,False,4,4593,0.10015482239037048
ST0643,CL_ST0643,True,1,1072,1.0
ST0644,CL_ST0064,False,3,5428,0.2964014634412712
ST0645,CL_ST0064,False,3,3117,0.17020695680664008
ST0646,CL_ST0066,False,2,2009,0.33311225335765215
ST0647,CL_ST1347,False,5,2162,0.16165694631374308
ST0648,CL_ST1347,False,5,1711,0.12793479886346643
ST0649,CL_ST0068,False,5,210,0.1761744966442953
ST0650,CL_ST0068,False,5,396,0.33221476510067116
ST0651,CL_ST0652,False,3,2248,0.3641665316701766
ST0652,CL_ST0652,True,3,2277,0.3688644095253523
ST0653,CL_ST0653,True,2,269,0.8848684210526315
ST0655,CL_ST0655,True,5,1160,0.4927782497875956
ST0656,CL_ST0652,False,3,1648,0.2669690588044711
ST0657,CL_ST1344,False,5,791,0.027700928033619333
ST0658,CL_ST1344,False,5,839,0.029381894589388897
ST0659,CL_ST0660,False,5,1660,0.13246090009575487
ST0660,CL_ST0660,True,5,3975,0.3171879987232684
ST0661,CL_ST0072,False,5,1297,0.0746388904874259
ST0662,CL_ST0072,False,5,4182,0.24066294527248663
ST0663,CL_ST0062,False,3,3879,0.17334763373106316
ST0664,CL_ST0062,False,3,1442,0.0644411672699647
ST0665,CL_ST0916,False,5,5688,0.293468166339903
ST0666,CL_ST0666,True,4,1819,0.2777523285997862
ST0667,CL_ST0981,False,5,804,0.12371134020618557
ST0668,CL_ST0666,False,4,1729,0.26400977248434876
ST0669,CL_ST0981,False,5,1549,0.23834436067087245
ST0670,CL_ST0670,True,2,19503,0.6168126759227047
ST0671,CL_ST0671,True,4,3546,0.4739374498797113
ST0672,CL_ST0672,True,3,7247,0.4115275411697899
ST0673,CL_ST0672,False,3,3153,0.17904599659284498
ST0674,CL_ST1148,False,5,5130,0.2265600847944177
ST0675,CL_ST0675,True,5,5436,0.4326647564469914
ST0676,CL_ST0675,False,5,670,0.05332696593441579
ST0677,CL_ST0675,False,5,2161,0.17199936326010826
ST0678,CL_ST0671,False,4,993,0.1327185244587009
ST0679,CL_ST0671,False,4,1663,0.2222667735899492
ST0680,CL_ST0050,False,5,2083,0.02437911097586667
ST0681,CL_ST1296,False,3,5257,0.17682475613858056
ST0682,CL_ST1296,False,3,12144,0.4084762865792129
ST0683,CL_ST0683,True,5,8708,0.31047883909152496
ST0684,CL_ST0684,True,3,7825,0.9452766368688089
ST0685,CL_ST0685,True,5,27238,0.3604531138342641
ST0686,CL_ST0686,True,5,24243,0.344316777684671
ST0687,CL_ST0687,True,5,29818,0.34019007199005147
ST0689,CL_ST0689,True,5,9552,0.2786708288356624
ST0690,CL_ST0689,False,5,4468,0.13034979724013188
ST0691,CL_ST0689,False,5,3140,0.09160661668173994
ST0692,CL_ST0692,True,2,1096,0.526416906820365
ST0693,CL_ST0699,False,5,746,0.16555703506435862
ST0694,CL_ST0699,False,5,928,0.20594762538837105
ST0695,CL_ST0697,False,5,1548,0.24297598493172187
ST0696,CL_ST0696,True,1,1257,1.0
ST0697,CL_ST0697,True,5,2058,0.3230262125255062
ST0698,CL_ST0699,False,5,1009,0.2239236573457612
ST0699,CL_ST0699,True,5,1444,0.32046160674656016
ST0700,CL_ST0090,False,4,1631,0.18701983717463594
ST0701,CL_ST0090,False,4,3958,0.45384703589037956
ST0702,CL_ST0445,False,5,11011,0.12633523411774156
ST0704,CL_ST0097,False,5,8679,0.10963870641738252
ST0705,CL_ST0705,True,2,13011,0.6745295245995127
ST0707,CL_ST0707,True,5,11496,0.2822350977118727
ST0708,CL_ST0707,False,5,10082,0.24752037709908672
ST0709,CL_ST0416,False,3,3575,0.15053899275728483
ST0710,CL_ST1038,False,3,9801,0.27520076374459485
ST0711,CL_ST0103,False,4,9358,0.2467306475427125
ST0712,CL_ST0100,False,2,4609,0.33999704927707286
ST0713,CL_ST0707,False,5,4561,0.11197584208975744
ST0714,CL_ST0104,False,5,5085,0.17513949163050216
ST0715,CL_ST0106,False,3,6120,0.32363828662083555
ST0716,CL_ST0106,False,3,2776,0.14680063458487572
ST0717,CL_ST0104,False,5,3795,0.13070882413721843
ST0718,CL_ST0104,False,5,4347,0.14972101673899565
ST0719,CL_ST1268,False,5,1012,0.12137203166226913
ST0720,CL_ST0107,False,5,6468,0.20727447524435186
ST0721,CL_ST1109,False,5,3992,0.18818648941686703
ST0723,CL_ST0723,True,5,6069,0.3953488372093023
ST0726,CL_ST0726,True,4,5620,0.4044329303396661
ST0727,CL_ST1382,False,3,243,0.030033370411568408
ST0728,CL_ST0728,True,2,269,0.10670368901229671
ST0729,CL_ST0108,False,2,5497,0.4676705802280075
ST0730,CL_ST1109,False,5,1,4.714090416254184e-05
ST0731,CL_ST0461,False,4,8571,0.3653764174268906
ST0732,CL_ST0118,False,5,10685,0.20619849862019723
ST0733,CL_ST0687,False,5,11229,0.12811034671595303
ST0734,CL_ST0734,True,3,7051,0.5763446133725683
ST0735,CL_ST0735,True,5,23524,0.2540937567509181
ST0736,CL_ST1268,False,5,4524,0.5425761573518829
ST0737,CL_ST0735,False,5,20177,0.21794124000864118
ST0738,CL_ST0707,False,5,5499,0.13500441912992242
ST0739,CL_ST0152,False,4,7246,0.16147794887794442
ST0740,CL_ST0152,False,4,8965,0.1997860628885967
ST0741,CL_ST0911,False,4,3861,0.17614051094890512
ST0743,CL_ST0747,False,5,13301,0.35197142101084944
ST0744,CL_ST0747,False,5,5311,0.14053982535062184
ST0745,CL_ST0745,True,3,4170,0.40651199064145055
ST0746,CL_ST0912,False,4,2448,0.2242579699523635
ST0747,CL_ST0747,True,5,14022,0.37105054247155334
ST0748,CL_ST0152,False,4,11884,0.2648363158246607
ST0749,CL_ST0749,True,2,12016,0.6276312353094803
ST0750,CL_ST0750,True,2,5982,0.6216356645536735
ST0751,CL_ST0752,False,2,3694,0.47812580895676937
ST0752,CL_ST0752,True,2,4032,0.5218741910432306
ST0753,CL_ST0168,False,5,3648,0.30009871668311944
ST0754,CL_ST0754,True,5,5834,0.3183455200261923
ST0755,CL_ST0177,False,1,2782,1.0
ST0756,CL_ST0181,False,4,462,0.10054406964091404
ST0757,CL_ST0181,False,4,689,0.1499455930359086
ST0758,CL_ST0181,False,4,360,0.07834602829162132
ST0759,CL_ST0184,False,5,2722,0.07416489564601385
ST0760,CL_ST0186,False,4,3656,0.3167013167013167
ST0761,CL_ST0186,False,4,1148,0.09944559944559944
ST0763,CL_ST0763,True,3,61878,0.5793115070262983
ST0764,CL_ST0763,False,3,41148,0.38523400709651445
ST0765,CL_ST1023,False,5,17186,0.1324047180640837
ST0766,CL_ST1023,False,5,23127,0.1781754867140733
ST0768,CL_ST1085,False,5,20284,0.18403861508310954
ST0769,CL_ST1085,False,5,14421,0.13084307178631052
ST0770,CL_ST0770,True,2,23620,0.8343636299410082
ST0771,CL_ST1085,False,5,28274,0.25653262684183786
ST0772,CL_ST0772,True,5,8664,0.2227421137876957
ST0773,CL_ST1070,False,5,10642,0.23984674329501915
ST0774,CL_ST0219,False,4,6424,0.29388352623633285
ST0775,CL_ST0225,False,5,2971,0.11453795443155095
ST0776,CL_ST0776,True,2,4158,0.5422535211267606
ST0777,CL_ST0777,True,3,8793,0.4814916219472128
ST0778,CL_ST0777,False,3,1349,0.07386923666630162
ST0779,CL_ST0781,False,4,1844,0.1308915388983532
ST0780,CL_ST1138,False,5,10472,0.2613165643559415
ST0781,CL_ST0781,True,4,7868,0.5584894946053379
ST0782,CL_ST0781,False,4,3708,0.2632027257240204
ST0783,CL_ST0781,False,4,668,0.047416240772288475
ST0784,CL_ST0238,False,4,948,0.04590354445090064
ST0785,CL_ST0238,False,4,3241,0.15693395312802635
ST0786,CL_ST0788,False,5,4721,0.16663137088804178
ST0787,CL_ST0238,False,4,3381,0.1637129575828007
ST0788,CL_ST0788,True,5,6651,0.23475222363405338
ST0789,CL_ST0463,False,5,2948,0.08554597951307275
ST0790,CL_ST0463,False,5,8193,0.23774701836859058
ST0791,CL_ST0788,False,5,4722,0.16666666666666666
ST0792,CL_ST0463,False,5,3713,0.1077449870868518
ST0793,CL_ST0464,False,5,4209,0.08744157058273605
ST0794,CL_ST0795,False,2,2523,0.42367758186397986
ST0795,CL_ST0795,True,2,3432,0.5763224181360201
ST0796,CL_ST0796,True,1,8313,1.0
ST0797,CL_ST1273,False,2,9263,0.45792960253114495
ST0798,CL_ST0250,False,5,5505,0.27860721696442126
ST0799,CL_ST0259,False,5,2257,0.10640705294422705
ST0800,CL_ST0248,False,4,384,0.046909357439530903
ST0801,CL_ST0250,False,5,626,0.03168176527152184
ST0802,CL_ST0802,True,2,647,0.5781948168007149
ST0803,CL_ST0802,False,2,472,0.42180518319928506
ST0804,CL_ST0250,False,5,4321,0.21868515613138317
ST0805,CL_ST0805,True,5,5765,0.33090345540121685
ST0806,CL_ST0805,False,5,2272,0.13040982665595224
ST0807,CL_ST0805,False,5,1858,0.10664676845367925
ST0808,CL_ST0250,False,5,2592,0.13118072776962397
ST0809,CL_ST0259,False,5,4087,0.19268304181792467
ST0810,CL_ST0810,True,2,2604,0.6521412471825695
ST0811,CL_ST0275,False,3,636,0.08805205593243805
ST0812,CL_ST0275,False,3,949,0.13138585075453413
ST0813,CL_ST0276,False,3,1355,0.12203908853463027
ST0814,CL_ST0815,False,3,481,0.04709222635598199
ST0815,CL_ST0815,True,3,554,0.054239279420403366
ST0816,CL_ST0816,True,4,3790,0.5335773616781642
ST0817,CL_ST0817,True,4,8111,0.5035698764512324
ST0818,CL_ST0284,False,5,1838,0.19392276851656468
ST0819,CL_ST0246,False,5,4256,0.21299169252327094
ST0820,CL_ST0288,False,4,3110,0.12241202865464851
ST0821,CL_ST0821,True,3,4802,0.48875318066157764
ST0822,CL_ST0822,True,1,8982,1.0
ST0823,CL_ST0288,False,4,759,0.0298748327166811
ST0824,CL_ST0821,False,3,884,0.08997455470737914
ST0825,CL_ST0290,False,5,13879,0.2727040515581404
ST0826,CL_ST0290,False,5,5998,0.11785279207765159
ST0827,CL_ST0827,True,5,3796,0.34953959484346225
ST0828,CL_ST0830,False,3,4476,0.41158620689655173
ST0829,CL_ST0830,False,3,2977,0.2737471264367816
ST0830,CL_ST0830,True,3,3422,0.31466666666666665
ST0831,CL_ST0916,False,5,2669,0.137705087194304
ST0832,CL_ST0827,False,5,2284,0.21031307550644568
ST0833,CL_ST0290,False,5,7888,0.15498880025150313
ST0834,CL_ST0827,False,5,2323,0.21390423572744013
ST0835,CL_ST0289,False,3,9356,0.324444290321462
ST0836,CL_ST1185,False,3,1562,0.1855768088392539
ST0837,CL_ST0838,False,4,365,0.029732811990876507
ST0838,CL_ST0838,True,4,10202,0.8310524600847181
ST0839,CL_ST0838,False,4,713,0.05808080808080808
ST0840,CL_ST0293,False,5,1091,0.13972848360655737
ST0841,CL_ST0838,False,4,996,0.08113391984359726
ST0842,CL_ST0843,False,3,1532,0.3428827215756491
ST0843,CL_ST0843,True,3,2436,0.5452103849597135
ST0844,CL_ST0843,False,3,500,0.11190689346463742
ST0845,CL_ST0845,True,2,2049,0.7799771602588504
ST0846,CL_ST0845,False,2,578,0.2200228397411496
ST0847,CL_ST0847,True,3,837,0.4507269789983845
ST0848,CL_ST0976,False,3,700,0.31832651205093226
ST0849,CL_ST0849,True,2,150,0.5
ST0850,CL_ST0293,False,5,1919,0.2457735655737705
ST0851,CL_ST0292,False,2,2848,0.36644364384971695
ST0852,CL_ST0303,False,5,1690,0.13019027809875972
ST0856,CL_ST1063,False,4,1256,0.1246650124069479
ST0857,CL_ST1063,False,4,2137,0.2121091811414392
ST0859,CL_ST0859,True,3,1446,0.29001203369434414
ST0860,CL_ST0859,False,3,919,0.1843160850381067
ST0861,CL_ST1374,False,4,1192,0.10731004681310767
ST0862,CL_ST0307,False,3,819,0.23507462686567165
ST0863,CL_ST0469,False,4,1050,0.2948609941027801
ST0864,CL_ST0867,False,3,507,0.38235294117647056
ST0865,CL_ST1295,False,3,14239,0.44035874439461886
ST0866,CL_ST1119,False,3,1228,0.32112970711297073
ST0867,CL_ST0867,True,3,675,0.5090497737556561
ST0868,CL_ST1374,False,4,170,0.015304285199855959
ST0869,CL_ST0869,True,4,14751,0.3344594594594595
ST0870,CL_ST0318,False,3,1417,0.09461805555555555
ST0871,CL_ST0318,False,3,4223,0.28198450854700857
ST0872,CL_ST0872,True,3,11815,0.391380681065324
ST0874,CL_ST0320,False,3,11397,0.21361898335582546
ST0875,CL_ST0875,True,4,17930,0.5719298245614035
ST0876,CL_ST0323,False,5,1400,0.040190618361371076
ST0877,CL_ST1209,False,4,14760,0.6393762183235867
ST0878,CL_ST0323,False,5,6898,0.19802491818338405
ST0879,CL_ST0879,True,4,14665,0.4439903118377233
ST0880,CL_ST1295,False,3,8709,0.2693366321323643
ST0881,CL_ST1054,False,4,5011,0.4624826949700046
ST0882,CL_ST0879,False,4,8594,0.2601877081441114
ST0883,CL_ST1054,False,4,1774,0.16372865712967236
ST0884,CL_ST1081,False,2,1014,0.3620135665833631
ST0885,CL_ST0984,False,2,4495,0.3908695652173913
ST0886,CL_ST0886,True,3,11598,0.37609442895129386
ST0887,CL_ST1018,False,5,5735,0.12261085218283661
ST0888,CL_ST0886,False,3,10376,0.3364679940333355
ST0889,CL_ST1018,False,5,8728,0.18659939282507376
ST0890,CL_ST0401,False,3,4349,0.24760874516055567
ST0891,CL_ST0401,False,3,5529,0.31479161922113413
ST0892,CL_ST0892,True,5,19778,0.400891861761427
ST0893,CL_ST0893,True,2,1013,0.7786318216756342
ST0894,CL_ST0893,False,2,288,0.22136817832436587
ST0895,CL_ST0896,False,4,1691,0.08566796696894473
ST0896,CL_ST0896,True,4,8187,0.41476265261664724
ST0897,CL_ST0898,False,2,435,0.45407098121085593
ST0898,CL_ST0898,True,2,523,0.545929018789144
ST0899,CL_ST0333,False,5,7689,0.25947423480579085
ST0900,CL_ST0900,True,4,7086,0.4897366784159237
ST0901,CL_ST0900,False,4,1818,0.1256479369686917
ST0902,CL_ST0900,False,4,3294,0.22765913331951068
ST0903,CL_ST0903,True,2,7015,0.5684304351349161
ST0904,CL_ST0903,False,2,5326,0.43156956486508385
ST0905,CL_ST0907,False,5,2454,0.12327322047520972
ST0906,CL_ST0907,False,5,358,0.017983623850906717
ST0907,CL_ST0907,True,5,7439,0.3736876475611594
ST0908,CL_ST0907,False,5,4226,0.2122871351785804
ST0909,CL_ST0910,False,3,2592,0.25082252757886586
ST0910,CL_ST0910,True,3,5512,0.5333849429069092
ST0911,CL_ST0911,True,4,4249,0.1938412408759124
ST0912,CL_ST0912,True,4,4407,0.4037193111029681
ST0913,CL_ST0311,False,3,1962,0.6441234405778069
ST0914,CL_ST0914,True,1,2461,1.0
ST0916,CL_ST0916,True,5,6525,0.33665256423485707
ST0918,CL_ST0916,False,5,4,0.00020637705087194304
ST0920,CL_ST1145,False,4,1231,0.09251465504283782
ST0922,CL_ST0501,False,5,1629,0.08969276511397423
ST0923,CL_ST1354,False,3,4601,0.24676857066237598
ST0925,CL_ST0925,True,1,7832,1.0
ST0926,CL_ST0926,True,1,5735,1.0
ST0927,CL_ST0927,True,2,3595,0.25071483367040936
ST0928,CL_ST0137,False,4,1894,0.06128656484597463
ST0929,CL_ST0929,True,2,1131,0.6724137931034483
ST0930,CL_ST0929,False,2,551,0.3275862068965517
ST0931,CL_ST1302,False,4,2278,0.1223349981204017
ST0932,CL_ST1302,False,4,1135,0.060952687825573275
ST0933,CL_ST0594,False,5,505,0.09176812647646738
ST0934,CL_ST0958,False,5,4354,0.09896129281541924
ST0935,CL_ST0594,False,5,1574,0.2860258041068508
ST0936,CL_ST0936,True,5,2011,0.2768066070199587
ST0937,CL_ST0941,False,4,6470,0.21190881697890737
ST0938,CL_ST0939,False,3,4856,0.22516924789019754
ST0939,CL_ST0939,True,3,8366,0.3879254381897431
ST0940,CL_ST0941,False,4,8155,0.26709681645486705
ST0941,CL_ST0941,True,4,11183,0.36627145290187346
ST0942,CL_ST0912,False,4,2748,0.2517405643092708
ST0943,CL_ST0912,False,4,1313,0.12028215463539758
ST0944,CL_ST0745,False,3,2564,0.24995125755507897
ST0945,CL_ST0745,False,3,3524,0.3435367518034705
ST0946,CL_ST0747,False,5,1,2.646202699126753e-05
ST0947,CL_ST1251,False,2,1885,0.8997613365155132
ST0948,CL_ST0142,False,3,2151,0.27545140222819825
ST0949,CL_ST0949,True,1,4154,1.0
ST0950,CL_ST0951,False,2,3241,0.3282025316455696
ST0951,CL_ST0951,True,2,6634,0.6717974683544303
ST0952,CL_ST0952,True,2,13164,0.60658003870611
ST0953,CL_ST0726,False,4,1065,0.07664075993091538
ST0954,CL_ST0728,False,2,2252,0.8932963109877033
ST0956,CL_ST0956,True,2,5216,0.7057231768366933
ST0957,CL_ST0956,False,2,2175,0.2942768231633067
ST0958,CL_ST0958,True,5,13415,0.30490715276041547
ST0959,CL_ST0959,True,3,4584,0.2530080582845789
ST0960,CL_ST0683,False,5,5485,0.1955645880129782
ST0961,CL_ST0961,True,3,5627,0.40663390663390664
ST0962,CL_ST0397,False,2,5528,0.4772511439178106
ST0963,CL_ST0297,False,5,194,0.06306892067620286
ST0964,CL_ST0296,False,3,161,0.058545454545454546
ST0965,CL_ST0299,False,4,759,0.12943383356070942
ST0966,CL_ST0297,False,5,579,0.18823146944083224
ST0967,CL_ST0297,False,5,105,0.034135240572171655
ST0968,CL_ST0847,False,3,514,0.27679052234787294
ST0969,CL_ST0847,False,3,506,0.2724824986537426
ST0970,CL_ST0849,False,2,150,0.5
ST0971,CL_ST0655,False,5,739,0.3139337298215803
ST0972,CL_ST0655,False,5,155,0.06584536958368734
ST0973,CL_ST0655,False,5,145,0.06159728122344945
ST0974,CL_ST0655,False,5,155,0.06584536958368734
ST0975,CL_ST0976,False,3,471,0.21418826739427013
ST0976,CL_ST0976,True,3,1028,0.46748522055479763
ST0978,CL_ST0068,False,5,23,0.01929530201342282
ST0979,CL_ST0979,True,3,739,0.5128383067314365
ST0980,CL_ST1347,False,5,976,0.07297741887243907
ST0981,CL_ST0981,True,5,1844,0.2837359593783659
ST0982,CL_ST1344,False,5,2060,0.07214148135177727
ST0983,CL_ST1167,False,2,2996,0.4788237174364712
ST0984,CL_ST0984,True,2,7005,0.6091304347826086
ST0985,CL_ST0328,False,2,3175,0.1515513126491647
ST0986,CL_ST0981,False,5,964,0.148330512386521
ST0987,CL_ST0672,False,3,7210,0.4094264622373651
ST0988,CL_ST0988,True,1,490,1.0
ST0989,CL_ST0090,False,4,791,0.09070060772847151
ST0990,CL_ST0990,True,1,608,1.0
ST0991,CL_ST0991,True,2,2273,0.8310786106032907
ST0992,CL_ST0991,False,2,462,0.16892138939670934
ST0993,CL_ST0337,False,3,2006,0.3478411652505636
ST0994,CL_ST0337,False,3,536,0.09294260447372985
ST0995,CL_ST0622,False,4,1268,0.322728429625859
ST0996,CL_ST0996,True,4,4171,0.355341625489862
ST0997,CL_ST0582,False,5,1054,0.05606979465900628
ST0999,CL_ST0581,False,4,1269,0.21981638662740344
ST1000,CL_ST1001,False,5,2321,0.2501616727743048
ST1001,CL_ST1001,True,5,3101,0.3342315154128045
ST1002,CL_ST1002,True,3,2137,0.35316476615435466
ST1003,CL_ST1002,False,3,2127,0.3515121467526029
ST1004,CL_ST1009,False,3,2847,0.37818809776833157
ST1005,CL_ST1001,False,5,715,0.0770640224186247
ST1006,CL_ST1001,False,5,881,0.09495580944169002
ST1007,CL_ST0573,False,5,2285,0.1749483194242401
ST1008,CL_ST0351,False,4,2410,0.20600051286434737
ST1009,CL_ST1009,True,3,3462,0.45988310308182784
ST1010,CL_ST1010,True,2,3268,0.9711738484398217
ST1011,CL_ST0629,False,5,2797,0.25776426135840014
ST1012,CL_ST1495,False,1,2973,1.0
ST1013,CL_ST1013,True,2,4499,0.6969790859798606
ST1014,CL_ST0367,False,3,2870,0.35830212234706615
ST1015,CL_ST1014,False,1,10293,1.0
ST1016,CL_ST1016,True,2,56495,0.9090835948185695
ST1017,CL_ST0892,False,5,10003,0.20275666362622885
ST1018,CL_ST1018,True,5,20220,0.43229144396459573
ST1019,CL_ST1018,False,5,9112,0.19480908196861504
ST1020,CL_ST0192,False,5,20337,0.13666236593823078
ST1021,CL_ST0192,False,5,36958,0.24835362739564013
ST1023,CL_ST1023,True,5,39392,0.30348461852556646
ST1024,CL_ST1024,True,3,29946,0.30668551063045346
ST1025,CL_ST0449,False,5,3472,0.05493410122937202
ST1026,CL_ST1027,False,3,40740,0.36441375362266987
ST1027,CL_ST1027,True,3,63136,0.5647429246126874
ST1028,CL_ST0432,False,2,15488,0.41700546565789826
ST1029,CL_ST0446,False,5,14793,0.13836742711227096
ST1030,CL_ST0446,False,5,12914,0.12079206068599115
ST1031,CL_ST0415,False,4,8299,0.16139320511075242
ST1032,CL_ST1032,True,4,32457,0.49693026104263954
ST1033,CL_ST1033,True,3,35659,0.7568020713952205
ST1034,CL_ST0426,False,5,8124,0.07656133671344159
ST1036,CL_ST0103,False,4,13093,0.34520670744568654
ST1037,CL_ST1225,False,3,12152,0.25585851142225496
ST1038,CL_ST1038,True,3,17256,0.4845285561857696
ST1039,CL_ST1039,True,4,48902,0.34304193498604035
ST1040,CL_ST0005,False,5,7409,0.1273746282256262
ST1041,CL_ST1041,True,5,25160,0.5664242778990972
ST1042,CL_ST0032,False,3,1370,0.22323610884797132
ST1043,CL_ST1043,True,2,8705,0.5609614641061993
ST1044,CL_ST1043,False,2,6813,0.43903853589380076
ST1045,CL_ST1045,True,2,8712,0.9616955513853627
ST1046,CL_ST0151,False,5,13116,0.16252586708962713
ST1047,CL_ST1057,False,3,1813,0.16866685273048657
ST1050,CL_ST1050,True,5,10559,0.29847075783701277
ST1051,CL_ST1051,True,4,28982,0.6056211472155469
ST1052,CL_ST0192,False,5,21328,0.1433217751256619
ST1053,CL_ST0063,False,5,5567,0.20484232991132206
ST1054,CL_ST1054,True,4,3033,0.279926165205353
ST1055,CL_ST1055,True,2,6216,0.9697347893915756
ST1056,CL_ST0446,False,5,35860,0.33541918043980506
ST1057,CL_ST1057,True,3,5969,0.5553074704623686
ST1058,CL_ST1058,True,3,35234,0.9339200042409945
ST1059,CL_ST0433,False,5,8244,0.13869214851701686
ST1060,CL_ST1060,True,2,8915,0.5458274658666503
ST1062,CL_ST1282,False,1,8795,1.0
ST1063,CL_ST1063,True,4,3246,0.3221836228287841
ST1064,CL_ST0892,False,5,10670,0.21627647714604237
ST1065,CL_ST0772,False,5,13523,0.3476617734015477
ST1066,CL_ST1066,True,3,24955,0.546946916231973
ST1067,CL_ST0685,False,5,24650,0.32620490696874255
ST1068,CL_ST1068,True,2,1425,0.3246753246753247
ST1069,CL_ST1069,True,2,2210,0.5168381665107578
ST1070,CL_ST1070,True,5,11988,0.2701825557809331
ST1071,CL_ST0203,False,2,6551,0.2818119246321948
ST1071,CL_ST0203,False,2,6551,0.2818119246321948
ST1072,CL_ST0067,False,5,5232,0.11481237656352863
ST1073,CL_ST0545,False,3,4942,0.30026125524029407
ST1074,CL_ST1074,True,1,885,1.0
ST1075,CL_ST0687,False,5,28790,0.32846174031100617
ST1076,CL_ST1076,True,4,10381,0.3481337402327375
ST1077,CL_ST0686,False,5,9450,0.13421579627604427
ST1079,CL_ST1079,True,4,9494,0.37059879772035287
ST1080,CL_ST0362,False,5,7515,0.2198461223415148
ST1081,CL_ST1081,True,2,1787,0.637986433416637
ST1083,CL_ST0859,False,3,2621,0.5256718812675492
ST1085,CL_ST1085,True,5,35398,0.32116934020468896
ST1086,CL_ST1103,False,2,12268,0.49491689527190574
ST1087,CL_ST0419,False,5,7468,0.22954447654761173
ST1088,CL_ST0916,False,5,4496,0.231967805180064
ST1089,CL_ST0639,False,2,3555,0.41055549139623515
ST1090,CL_ST0501,False,5,2933,0.16149102521748707
ST1091,CL_ST0293,False,5,996,0.12756147540983606
ST1092,CL_ST0736,False,1,5651,1.0
ST1093,CL_ST1102,False,2,7479,0.37033919286952216
ST1100,CL_ST1255,False,1,7382,1.0
ST1101,CL_ST1148,False,5,3641,0.16080024731705161
ST1102,CL_ST1102,True,2,12716,0.6296608071304779
ST1103,CL_ST1103,True,2,12520,0.5050831047280943
ST1104,CL_ST0961,False,3,3804,0.27489521607168665
ST1106,CL_ST0050,False,5,2293,0.026836918611455724
ST1107,CL_ST1107,True,4,3086,0.39518504289921885
ST1108,CL_ST0582,False,5,4259,0.22656665602723694
ST1109,CL_ST1109,True,5,8658,0.40814594823928724
ST1110,CL_ST1110,True,2,14181,0.9369672943508425
ST1111,CL_ST0525,False,5,16673,0.2820387035658705
ST1112,CL_ST0348,False,5,3609,0.11428480952531746
ST1113,CL_ST0348,False,5,8552,0.27081288197853004
ST1114,CL_ST0501,False,5,3826,0.21065961898469332
ST1115,CL_ST1002,False,3,1787,0.29532308709304245
ST1116,CL_ST1116,True,1,372,1.0
ST1117,CL_ST0817,False,4,4061,0.25212640466877756
ST1118,CL_ST1362,False,4,2981,0.12045904554087364
ST1119,CL_ST1119,True,3,1530,0.40010460251046026
ST1120,CL_ST1120,True,3,1462,0.52875226039783
ST1122,CL_ST0936,False,5,821,0.11300757054370268
ST1123,CL_ST0816,False,4,1864,0.2624243277488385
ST1124,CL_ST0348,False,5,3427,0.10852148579752367
ST1126,CL_ST0501,False,5,4473,0.24628344895936571
ST1127,CL_ST1243,False,3,4494,0.09825742834029341
ST1128,CL_ST1128,True,4,9628,0.41206933447464156
ST1129,CL_ST0996,False,4,3318,0.28267166467882093
ST1130,CL_ST1013,False,2,1956,0.3030209140201394
ST1131,CL_ST0936,False,5,1669,0.22973158981417757
ST1133,CL_ST0936,False,5,1930,0.26565726083964214
ST1135,CL_ST1138,False,5,217,0.005414982282776863
ST1136,CL_ST1136,True,4,5867,0.35624506648855425
ST1137,CL_ST1128,False,4,161,0.006890648405735074
ST1138,CL_ST1138,True,5,16813,0.4195488346558866
ST1139,CL_ST1139,True,2,22986,0.6913082706766918
ST1140,CL_ST1136,False,4,1010,0.06132734227943409
ST1141,CL_ST1050,False,5,980,0.027701614043022304
ST1145,CL_ST1145,True,4,6836,0.513753194047798
ST1146,CL_ST0615,False,3,3441,0.19973299280241466
ST1147,CL_ST0723,False,5,2947,0.19197446420428638
ST1148,CL_ST1148,True,5,10044,0.44358079759749147
ST1149,CL_ST1148,False,5,2780,0.12277525062933357
ST1150,CL_ST1248,False,2,1594,0.4922791846819024
ST1151,CL_ST0362,False,5,7219,0.2111868472632595
ST1153,CL_ST0594,False,5,473,0.08595311648191896
ST1154,CL_ST1154,True,5,5331,0.25654475457170356
ST1155,CL_ST1155,True,2,24371,0.471255921879532
ST1156,CL_ST0063,False,5,516,0.01898664311734187
ST1157,CL_ST1186,False,2,402,0.2966789667896679
ST1158,CL_ST1158,True,5,380,0.3962460896767466
ST1159,CL_ST1158,False,5,140,0.145985401459854
ST1160,CL_ST1158,False,5,153,0.15954118873826903
ST1161,CL_ST1158,False,5,225,0.2346193952033368
ST1162,CL_ST0827,False,5,907,0.08351749539594844
ST1163,CL_ST0585,False,5,5143,0.18143013370021518
ST1165,CL_ST1226,False,1,4081,1.0
ST1166,CL_ST1166,True,1,200,1.0
ST1167,CL_ST1167,True,2,3261,0.5211762825635289
ST1168,CL_ST1168,True,3,4454,0.8033910533910534
ST1169,CL_ST0489,False,2,998,0.11631701631701631
ST1170,CL_ST1419,False,2,265,0.25853658536585367
ST1171,CL_ST0981,False,5,1338,0.2058778273580551
ST1172,CL_ST1172,True,3,35902,0.8095882379470527
ST1173,CL_ST1173,True,2,4632,0.6355653128430296
ST1175,CL_ST1175,True,1,2631,1.0
ST1176,CL_ST0671,False,4,1280,0.1710772520716386
ST1177,CL_ST1347,False,5,2095,0.1566472259608195
ST1178,CL_ST0666,False,4,1468,0.2241563597495801
ST1179,CL_ST0386,False,4,5359,0.18804168567318152
ST1181,CL_ST0754,False,5,2356,0.12856051511513697
ST1182,CL_ST1182,True,1,1000,1.0
ST1183,CL_ST0063,False,5,9720,0.3576553703499282
ST1184,CL_ST0634,False,5,1160,0.1002159827213823
ST1185,CL_ST1185,True,3,2961,0.3517880479980991
ST1186,CL_ST1186,True,2,953,0.7033210332103321
ST1187,CL_ST1365,False,3,3470,0.16020313942751616
ST1188,CL_ST0013,False,3,8241,0.20315042153527585
ST1189,CL_ST0666,False,4,1533,0.23408153916628494
ST1190,CL_ST1206,False,5,3699,0.22909698996655517
ST1192,CL_ST0125,False,1,33376,1.0
ST1194,CL_ST0927,False,2,10744,0.7492851663295906
ST1196,CL_ST1196,True,4,21154,0.3568307946628882
ST1197,CL_ST1197,True,1,1723,1.0
ST1198,CL_ST1462,False,2,674,0.8467336683417085
ST1200,CL_ST1200,True,1,2220,1.0
ST1201,CL_ST1201,True,1,2423,1.0
ST1202,CL_ST1202,True,3,5996,0.23905589665895863
ST1203,CL_ST1214,False,3,3543,0.41312966417910446
ST1204,CL_ST0979,False,3,556,0.38584316446911865
ST1205,CL_ST1205,True,2,1170,0.7164727495407226
ST1206,CL_ST1206,True,5,6988,0.43280069367025886
ST1207,CL_ST1206,False,5,2720,0.16846277715842933
ST1208,CL_ST1206,False,5,2036,0.12609934349064783
ST1209,CL_ST1209,True,4,5764,0.2496859432531947
ST1211,CL_ST1038,False,3,8557,0.24027068006963553
ST1212,CL_ST1212,True,3,7362,0.5835447051363348
ST1213,CL_ST1206,False,5,703,0.043540195714108755
ST1214,CL_ST1214,True,3,3993,0.46560167910447764
ST1215,CL_ST1214,False,3,1040,0.12126865671641791
ST1216,CL_ST0137,False,4,8457,0.2736538959358012
ST1217,CL_ST1120,False,3,1187,0.42929475587703436
ST1218,CL_ST1119,False,3,1066,0.27876569037656906
ST1221,CL_ST1136,False,4,3718,0.22575748375736232
ST1222,CL_ST1262,False,5,2960,0.19089384754288663
ST1223,CL_ST1223,True,1,920,1.0
ST1224,CL_ST0474,False,3,1817,0.2772352761672261
ST1225,CL_ST1225,True,3,22315,0.46983893041372776
ST1226,CL_ST0367,False,3,3031,0.3784019975031211
ST1227,CL_ST1202,False,3,18694,0.7453153656008292
ST1228,CL_ST1228,True,1,3439,1.0
ST1229,CL_ST1229,True,1,6448,1.0
ST1230,CL_ST0142,False,3,1681,0.21526443846843385
ST1231,CL_ST1231,True,3,2370,0.20969739869049725
ST1232,CL_ST0480,False,1,2644,1.0
ST1233,CL_ST1268,False,5,572,0.06860158311345646
ST1239,CL_ST0487,False,4,29036,0.33405814609003787
ST1240,CL_ST0168,False,5,569,0.04680816057913787
ST1241,CL_ST0166,False,3,1176,0.4568764568764569
ST1242,CL_ST1242,True,3,9868,0.6320374047268302
ST1243,CL_ST1243,True,3,22889,0.5004482147932746
ST1245,CL_ST1533,False,1,1271,1.0
ST1246,CL_ST1225,False,3,13028,0.2743025581640173
ST1247,CL_ST1280,False,2,4849,0.2526047093144405
ST1248,CL_ST1248,True,2,1644,0.5077208153180975
ST1251,CL_ST1251,True,2,210,0.10023866348448687
ST1252,CL_ST1209,False,4,2277,0.098635477582846
ST1253,CL_ST1433,False,2,1199,0.18525957972805934
ST1255,CL_ST0343,False,3,1151,0.3649334178820545
ST1256,CL_ST0329,False,2,6936,0.29987029831387807
ST1257,CL_ST0487,False,4,31659,0.3642356676906085
ST1262,CL_ST1262,True,5,5422,0.3496710950599768
ST1263,CL_ST0632,False,5,5666,0.2558129035170888
ST1264,CL_ST0118,False,5,10018,0.19332677203342402
ST1265,CL_ST1288,False,2,1453,0.34075984990619135
ST1266,CL_ST0303,False,5,2787,0.21469840536168247
ST1267,CL_ST1057,False,3,2967,0.27602567680714485
ST1268,CL_ST1268,True,5,1260,0.15111537538978173
ST1269,CL_ST0137,False,4,4991,0.1615001294330831
ST1271,CL_ST0505,False,4,1,3.980891719745223e-05
ST1272,CL_ST0248,False,4,1121,0.1369411189836306
ST1273,CL_ST1273,True,2,10965,0.5420703974688551
ST1274,CL_ST1274,True,2,3621,0.9904266958424508
ST1275,CL_ST1367,False,3,3525,0.08786141575274177
ST1276,CL_ST1050,False,5,10414,0.29437204963676966
ST1277,CL_ST0547,False,5,3238,0.21684971872488615
ST1278,CL_ST1278,True,3,4826,0.5830614957110064
ST1279,CL_ST0491,False,5,2,0.00011842728564661298
ST1280,CL_ST1280,True,2,14347,0.7473952906855595
ST1281,CL_ST1281,True,1,2780,1.0
ST1282,CL_ST0560,False,4,3793,0.7187796096266819
ST1283,CL_ST1283,True,1,165,1.0
ST1284,CL_ST0697,False,5,1968,0.3088997017736619
ST1285,CL_ST1051,False,4,17156,0.3584996343119841
ST1286,CL_ST1054,False,4,1017,0.09386248269497001
ST1287,CL_ST0025,False,5,4658,0.0859933169642033
ST1288,CL_ST1288,True,2,2811,0.6592401500938087
ST1289,CL_ST1050,False,5,4466,0.12624021256748735
ST1290,CL_ST1290,True,1,443,1.0
ST1291,CL_ST0101,False,2,8686,0.40323104776937
ST1292,CL_ST1173,False,2,2656,0.36443468715697036
ST1293,CL_ST0063,False,5,2308,0.08492475254811054
ST1294,CL_ST0307,False,3,1283,0.3682548794489093
ST1295,CL_ST1295,True,3,9387,0.29030462347301683
ST1296,CL_ST1296,True,3,12329,0.4146989572822065
ST1297,CL_ST1306,False,3,7876,0.2450910222498833
ST1298,CL_ST1304,False,3,791,0.11442210328366845
ST1298,CL_ST1304,False,3,791,0.11442210328366845
ST1299,CL_ST1041,False,5,1093,0.02460658727121277
ST1299,CL_ST1041,False,5,1093,0.02460658727121277
ST1300,CL_ST1309,False,2,149,0.020853743876836948
ST1301,CL_ST1310,False,2,3242,0.15086086551884598
ST1301,CL_ST1310,False,2,3242,0.15086086551884598
ST1302,CL_ST1302,True,4,6046,0.3246871811395736
ST1302,CL_ST1302,True,4,6046,0.3246871811395736
ST1303,CL_ST1312,False,4,3686,0.22883039483486467
ST1303,CL_ST1312,False,4,3686,0.22883039483486467
ST1304,CL_ST1304,True,3,2124,0.3072472153912918
ST1304,CL_ST1304,True,3,2124,0.3072472153912918
ST1305,CL_ST1305,True,1,1086,0.5
ST1305,CL_ST1305,True,1,1086,0.5
ST1306,CL_ST1306,True,3,12020,0.37404698926404234
ST1306,CL_ST1306,True,3,12020,0.37404698926404234
ST1307,CL_ST0684,False,3,167,0.020173955061609083
ST1307,CL_ST0684,False,3,167,0.020173955061609083
ST1308,CL_ST0107,False,5,2397,0.0768146130427816
ST1308,CL_ST0107,False,5,2397,0.0768146130427816
ST1309,CL_ST1309,True,2,3498,0.48957312806158154
ST1309,CL_ST1309,True,2,3498,0.48957312806158154
ST1310,CL_ST1310,True,2,7503,0.349139134481154
ST1310,CL_ST1310,True,2,7503,0.349139134481154
ST1311,CL_ST1302,False,4,1558,0.0836689758874389
ST1311,CL_ST1302,False,4,1558,0.0836689758874389
ST1312,CL_ST1312,True,4,3067,0.19040228457909114
ST1312,CL_ST1312,True,4,3067,0.19040228457909114
ST1313,CL_ST0604,False,4,4144,0.13448868983870443
ST1313,CL_ST0604,False,4,4144,0.13448868983870443
ST1314,CL_ST1314,True,1,5326,0.5
ST1314,CL_ST1314,True,1,5326,0.5
ST1315,CL_ST1343,False,3,5334,0.08661621902503978
ST1315,CL_ST1343,False,3,5334,0.08661621902503978
ST1316,CL_ST1316,True,1,175,0.5
ST1316,CL_ST1316,True,1,175,0.5
ST1317,CL_ST0683,False,5,1695,0.06043427104503155
ST1317,CL_ST0683,False,5,1695,0.06043427104503155
ST1318,CL_ST0959,False,3,2779,0.15338337564852633
ST1318,CL_ST0959,False,3,2779,0.15338337564852633
ST1319,CL_ST0014,False,3,1492,0.03586710899562479
ST1319,CL_ST0014,False,3,1492,0.03586710899562479
ST1320,CL_ST0627,False,5,5982,0.23971148066519735
ST1321,CL_ST1321,True,2,5038,0.3794246121403826
ST1321,CL_ST1321,True,2,5038,0.3794246121403826
ST1322,CL_ST1262,False,5,1461,0.09422159164194506
ST1322,CL_ST1262,False,5,1461,0.09422159164194506
ST1323,CL_ST0601,False,5,1411,0.05653044871794872
ST1323,CL_ST0601,False,5,1411,0.05653044871794872
ST1324,CL_ST1332,False,4,645,0.03896810053165781
ST1324,CL_ST1332,False,4,645,0.03896810053165781
ST1325,CL_ST1343,False,3,1108,0.017992270468643434
ST1325,CL_ST1343,False,3,1108,0.017992270468643434
ST1326,CL_ST0609,False,4,198,0.10476190476190476
ST1326,CL_ST0609,False,4,198,0.10476190476190476
ST1327,CL_ST0083,False,5,544,0.01907901658892435
ST1327,CL_ST0083,False,5,544,0.01907901658892435
ST1328,CL_ST0083,False,5,3495,0.12257566723950479
ST1328,CL_ST0083,False,5,3495,0.12257566723950479
ST1329,CL_ST1262,False,5,438,0.028247130143170384
ST1329,CL_ST1262,False,5,438,0.028247130143170384
ST1330,CL_ST0627,False,5,1124,0.045041073933079545
ST1330,CL_ST0627,False,5,1124,0.045041073933079545
ST1331,CL_ST0059,False,2,2664,0.1971434914526752
ST1331,CL_ST0059,False,2,2664,0.1971434914526752
ST1332,CL_ST1332,True,4,5208,0.31464475592073465
ST1332,CL_ST1332,True,4,5208,0.31464475592073465
ST1333,CL_ST1332,False,4,2084,0.12590623489608507
ST1333,CL_ST1332,False,4,2084,0.12590623489608507
ST1334,CL_ST1332,False,4,339,0.020480908651522474
ST1334,CL_ST1332,False,4,339,0.020480908651522474
ST1335,CL_ST0958,False,5,520,0.011818987658249427
ST1335,CL_ST0958,False,5,520,0.011818987658249427
ST1336,CL_ST0606,False,3,903,0.4717868338557994
ST1336,CL_ST0606,False,3,903,0.4717868338557994
ST1337,CL_ST1321,False,2,1601,0.12057538785961741
ST1337,CL_ST1321,False,2,1601,0.12057538785961741
ST1338,CL_ST1068,False,2,1482,0.33766233766233766
ST1338,CL_ST1068,False,2,1482,0.33766233766233766
ST1339,CL_ST0604,False,4,3408,0.11060266770518937
ST1339,CL_ST0604,False,4,3408,0.11060266770518937
ST1340,CL_ST1340,True,3,3240,0.3796578392313101
ST1340,CL_ST1340,True,3,3240,0.3796578392313101
ST1341,CL_ST0050,False,5,31835,0.3725919337094169
ST1341,CL_ST0050,False,5,31835,0.3725919337094169
ST1342,CL_ST1342,True,3,6710,0.3273330406361286
ST1342,CL_ST1342,True,3,6710,0.3273330406361286
ST1343,CL_ST1343,True,3,24349,0.39539151050631677
ST1343,CL_ST1343,True,3,24349,0.39539151050631677
ST1344,CL_ST1344,True,5,10862,0.3803887235160217
ST1344,CL_ST1344,True,5,10862,0.3803887235160217
ST1345,CL_ST1345,True,1,2343,0.5
ST1345,CL_ST1345,True,1,2343,0.5
ST1346,CL_ST0067,False,5,9433,0.20700021944261576
ST1346,CL_ST0067,False,5,9433,0.20700021944261576
ST1347,CL_ST1347,True,5,3215,0.24039180499476595
ST1347,CL_ST1347,True,5,3215,0.24039180499476595
ST1348,CL_ST1348,True,2,8955,0.34714684447201116
ST1348,CL_ST1348,True,2,8955,0.34714684447201116
ST1349,CL_ST0958,False,5,8056,0.18310339341318727
ST1349,CL_ST0958,False,5,8056,0.18310339341318727
ST1350,CL_ST1139,False,2,5132,0.15434586466165415
ST1350,CL_ST1139,False,2,5132,0.15434586466165415
ST1351,CL_ST0872,False,3,6990,0.23154895985159665
ST1351,CL_ST0872,False,3,6990,0.23154895985159665
ST1352,CL_ST1155,False,2,13672,0.264372039060234
ST1352,CL_ST1155,False,2,13672,0.264372039060234
ST1353,CL_ST0154,False,4,4446,0.24941097273645238
ST1353,CL_ST0154,False,4,4446,0.24941097273645238
ST1354,CL_ST1354,True,3,6231,0.3341914722445696
ST1354,CL_ST1354,True,3,6231,0.3341914722445696
ST1355,CL_ST1513,False,2,13956,0.49892749892749894
ST1355,CL_ST1513,False,2,13956,0.49892749892749894
ST1356,CL_ST1365,False,3,2010,0.09279778393351801
ST1356,CL_ST1365,False,3,2010,0.09279778393351801
ST1357,CL_ST0039,False,3,2391,0.15249697047005548
ST1357,CL_ST0039,False,3,2391,0.15249697047005548
ST1358,CL_ST0875,False,4,436,0.01390749601275917
ST1359,CL_ST1168,False,3,432,0.07792207792207792
ST1359,CL_ST1168,False,3,432,0.07792207792207792
ST1360,CL_ST0534,False,5,929,0.04234082311653981
ST1360,CL_ST0534,False,5,929,0.04234082311653981
ST1361,CL_ST0686,False,5,8329,0.11829453620985954
ST1361,CL_ST0686,False,5,8329,0.11829453620985954
ST1362,CL_ST1362,True,4,6578,0.2658099971713743
ST1362,CL_ST1362,True,4,6578,0.2658099971713743
ST1363,CL_ST0539,False,5,4902,0.1900663021984413
ST1363,CL_ST0539,False,5,4902,0.1900663021984413
ST1364,CL_ST0531,False,3,5650,0.13964409293129015
ST1364,CL_ST0531,False,3,5650,0.13964409293129015
ST1365,CL_ST1365,True,3,7085,0.3271006463527239
ST1365,CL_ST1365,True,3,7085,0.3271006463527239
ST1366,CL_ST0959,False,3,3988,0.22011259520918425
ST1366,CL_ST0959,False,3,3988,0.22011259520918425
ST1367,CL_ST1367,True,3,12449,0.31029411764705883
ST1367,CL_ST1367,True,3,12449,0.31029411764705883
ST1368,CL_ST1368,True,2,7279,0.45736726358781027
ST1368,CL_ST1368,True,2,7279,0.45736726358781027
ST1369,CL_ST1354,False,3,1582,0.08484848484848485
ST1370,CL_ST0553,False,4,1105,0.05467590301830777
ST1370,CL_ST0553,False,4,1105,0.05467590301830777
ST1371,CL_ST0553,False,4,1571,0.07773379515091539
ST1371,CL_ST0553,False,4,1571,0.07773379515091539
ST1372,CL_ST1154,False,5,4626,0.22261790182868144
ST1372,CL_ST1154,False,5,4626,0.22261790182868144
ST1373,CL_ST1376,False,4,6182,0.11425297553042064
ST1373,CL_ST1376,False,4,6182,0.11425297553042064
ST1374,CL_ST1374,True,4,3937,0.3544292401872524
ST1374,CL_ST1374,True,4,3937,0.3544292401872524
ST1375,CL_ST1375,True,2,4492,0.46636212624584716
ST1375,CL_ST1375,True,2,4492,0.46636212624584716
ST1376,CL_ST1376,True,4,11395,0.21059732387077695
ST1376,CL_ST1376,True,4,11395,0.21059732387077695
ST1377,CL_ST1063,False,4,1718,0.1705210918114144
ST1377,CL_ST1063,False,4,1718,0.1705210918114144
ST1378,CL_ST0289,False,3,770,0.02670180670666158
ST1378,CL_ST0289,False,3,770,0.02670180670666158
ST1379,CL_ST1376,False,4,8880,0.16411621202040363
ST1379,CL_ST1376,False,4,8880,0.16411621202040363
ST1380,CL_ST1380,True,1,1818,0.5
ST1380,CL_ST1380,True,1,1818,0.5
ST1381,CL_ST1381,True,1,3101,0.5
ST1381,CL_ST1381,True,1,3101,0.5
ST1382,CL_ST1382,True,3,3578,0.4422197503398838
ST1382,CL_ST1382,True,3,3578,0.4422197503398838
ST1383,CL_ST0953,False,1,4460,0.5
ST1383,CL_ST0953,False,1,4460,0.5
ST1384,CL_ST0913,False,1,4735,0.5
ST1384,CL_ST0913,False,1,4735,0.5
ST1385,CL_ST1385,True,2,7836,0.44838635843442437
ST1385,CL_ST1385,True,2,7836,0.44838635843442437
ST1386,CL_ST1185,False,3,1947,0.23131757158132352
ST1386,CL_ST1185,False,3,1947,0.23131757158132352
ST1387,CL_ST1382,False,3,346,0.04276356445433197
ST1387,CL_ST1382,False,3,346,0.04276356445433197
ST1388,CL_ST1402,False,2,246,0.13851351351351351
ST1388,CL_ST1402,False,2,246,0.13851351351351351
ST1389,CL_ST1032,False,4,1465,0.022429763454030468
ST1389,CL_ST1032,False,4,1465,0.022429763454030468
ST1390,CL_ST1376,False,4,597,0.011033488578398759
ST1390,CL_ST1376,False,4,597,0.011033488578398759
ST1391,CL_ST0689,False,5,2803,0.08177495113341307
ST1391,CL_ST0689,False,5,2803,0.08177495113341307
ST1391,CL_ST0689,False,5,2803,0.08177495113341307
ST1392,CL_ST1482,False,2,3133,0.4762121903024776
ST1392,CL_ST1482,False,2,3133,0.4762121903024776
ST1393,CL_ST1168,False,3,113,0.020382395382395384
ST1393,CL_ST1168,False,3,113,0.020382395382395384
ST1394,CL_ST1481,False,2,647,0.31545587518283763
ST1394,CL_ST1481,False,2,647,0.31545587518283763
ST1395,CL_ST0442,False,5,1761,0.03163340458783165
ST1395,CL_ST0442,False,5,1761,0.03163340458783165
ST1396,CL_ST1027,False,3,3960,0.03542166088232137
ST1396,CL_ST1027,False,3,3960,0.03542166088232137
ST1397,CL_ST0911,False,4,4382,0.1999087591240876
ST1397,CL_ST0911,False,4,4382,0.1999087591240876
ST1398,CL_ST0327,False,3,1239,0.038319982680233816
ST1398,CL_ST0327,False,3,1239,0.038319982680233816
ST1399,CL_ST1385,False,2,902,0.051613641565575644
ST1399,CL_ST1385,False,2,902,0.051613641565575644
ST1400,CL_ST1400,True,1,991,0.5
ST1400,CL_ST1400,True,1,991,0.5
ST1401,CL_ST0413,False,4,2162,0.024859718517155734
ST1401,CL_ST0413,False,4,2162,0.024859718517155734
ST1402,CL_ST1402,True,2,642,0.3614864864864865
ST1402,CL_ST1402,True,2,642,0.3614864864864865
ST1403,CL_ST0151,False,5,6021,0.07460874090779544
ST1403,CL_ST0151,False,5,6021,0.07460874090779544
ST1404,CL_ST0419,False,5,2332,0.07167885903977378
ST1404,CL_ST0419,False,5,2332,0.07167885903977378
ST1405,CL_ST0413,False,4,3045,0.035012878300064394
ST1405,CL_ST0413,False,4,3045,0.035012878300064394
ST1406,CL_ST1066,False,3,1831,0.04013062727392276
ST1406,CL_ST1066,False,3,1831,0.04013062727392276
ST1407,CL_ST1136,False,4,2937,0.17833505373732467
ST1407,CL_ST1136,False,4,2937,0.17833505373732467
ST1408,CL_ST1058,False,3,384,0.010178386831712037
ST1409,CL_ST0375,False,3,145,0.002325618694766556
ST1410,CL_ST0377,False,4,1304,0.046211637961584805
ST1411,CL_ST0122,False,5,7,0.0002175805047867711
ST1412,CL_ST0687,False,5,37,0.0004221286693819808
ST1416,CL_ST0323,False,5,8982,0.2578515243727393
ST1417,CL_ST0333,False,5,1675,0.05652482030169068
ST1418,CL_ST0001,False,3,350,0.30303030303030304
ST1419,CL_ST1419,True,2,760,0.7414634146341463
ST1420,CL_ST1145,False,4,3280,0.24650533593867427
ST1421,CL_ST1421,True,4,9798,0.39668016194331984
ST1422,CL_ST1242,False,3,4579,0.2932812399923141
ST1423,CL_ST0302,False,4,472,0.044722380140231194
ST1424,CL_ST0065,False,4,5605,0.12222246451078306
ST1425,CL_ST1342,False,3,1097,0.053514805600273184
ST1427,CL_ST1427,True,1,449,1.0
ST1428,CL_ST0414,False,2,1673,0.20522571148184496
ST1429,CL_ST0001,False,3,1,0.0008658008658008658
ST1430,CL_ST1306,False,3,219,0.006814999222032052
ST1431,CL_ST0684,False,3,119,0.01437545300797294
ST1432,CL_ST0107,False,5,79,0.002531645569620253
ST1433,CL_ST1433,True,2,5273,0.8147404202719407
ST1434,CL_ST0377,False,4,5404,0.19150896590828548
ST1435,CL_ST1467,False,2,1550,0.3977418527072107
ST1436,CL_ST0482,False,4,1274,0.03650011460004584
ST1437,CL_ST0270,False,4,90,0.009872751206669592
ST1438,CL_ST1312,False,4,876,0.054382915321579336
ST1439,CL_ST1439,True,1,98,1.0
ST1440,CL_ST1018,False,5,2979,0.06368922905887886
ST1441,CL_ST0417,False,2,527,0.10963178697732473
ST1442,CL_ST1442,True,1,207,1.0
ST1443,CL_ST0763,False,3,3787,0.03545448587718723
ST1444,CL_ST1445,False,2,75,0.39893617021276595
ST1445,CL_ST1445,True,2,113,0.601063829787234
ST1446,CL_ST0276,False,3,204,0.01837341259119157
ST1447,CL_ST1519,False,2,755,0.3011567610690068
ST1448,CL_ST1158,False,5,61,0.06360792492179354
ST1449,CL_ST1058,False,3,2109,0.05590160892729345
ST1450,CL_ST0377,False,4,3403,0.12059678219576157
ST1451,CL_ST0996,False,4,1278,0.10887715113307207
ST1452,CL_ST0067,False,5,661,0.014505156901470265
ST1453,CL_ST0623,False,2,197,0.036508524833209786
ST1454,CL_ST0599,False,3,192,0.013560279680768415
ST1455,CL_ST0065,False,4,1569,0.034213567674829366
ST1456,CL_ST0675,False,5,1046,0.08325374084686406
ST1457,CL_ST0601,False,5,1470,0.05889423076923077
ST1458,CL_ST0653,False,2,35,0.11513157894736842
ST1459,CL_ST0979,False,3,146,0.10131852879944483
ST1460,CL_ST0603,False,2,312,0.05190484112460489
ST1461,CL_ST0606,False,3,13,0.006792058516196447
ST1462,CL_ST1462,True,2,122,0.15326633165829145
ST1463,CL_ST1148,False,5,1048,0.046283619661705605
ST1464,CL_ST0627,False,5,437,0.017511520737327188
ST1465,CL_ST0573,False,5,204,0.015619018451879641
ST1466,CL_ST0572,False,2,234,0.1443553362122147
ST1467,CL_ST1467,True,2,2347,0.6022581472927894
ST1468,CL_ST1172,False,3,2792,0.06295945519325305
ST1469,CL_ST0426,False,5,560,0.0052774924371648555
ST1470,CL_ST0442,False,5,928,0.016669959941798845
ST1471,CL_ST0223,False,2,1053,0.19449575175471
ST1472,CL_ST0025,False,5,1064,0.019642956043347426
ST1473,CL_ST1079,False,4,1767,0.0689749394956671
ST1474,CL_ST0323,False,5,1079,0.030975483722799565
ST1475,CL_ST0032,False,3,389,0.06338601922763565
ST1476,CL_ST0816,False,4,14,0.0019709981697874136
ST1477,CL_ST0103,False,4,1775,0.04679919848133305
ST1478,CL_ST1478,True,1,332,1.0
ST1479,CL_ST1231,False,3,306,0.02707485400814015
ST1480,CL_ST1051,False,4,830,0.017344060181799185
ST1481,CL_ST1481,True,2,757,0.36908824963432474
ST1482,CL_ST1482,True,2,313,0.04757561939504484
ST1483,CL_ST0284,False,5,500,0.05275374551593163
ST1484,CL_ST0263,False,5,2337,0.08221925133689839
ST1485,CL_ST0246,False,5,2055,0.10284255830247223
ST1486,CL_ST0415,False,4,1415,0.027517940141187452
ST1487,CL_ST1051,False,4,887,0.01853515829066973
ST1488,CL_ST0299,False,4,65,0.011084583901773533
ST1489,CL_ST0469,False,4,120,0.03369839932603201
ST1490,CL_ST1490,True,3,559,0.5997854077253219
ST1491,CL_ST0081,False,2,162,0.04297082228116711
ST1492,CL_ST1490,False,3,291,0.31223175965665234
ST1493,CL_ST1202,False,3,392,0.015628737740212104
ST1494,CL_ST1490,False,3,82,0.08798283261802575
ST1495,CL_ST0867,False,3,144,0.1085972850678733
ST1496,CL_ST1496,True,1,240,1.0
ST1498,CL_ST0491,False,5,219,0.01296778777830412
ST1499,CL_ST0040,False,3,234,0.04977664326738992
ST1500,CL_ST0408,False,5,2335,0.035808489755858174
ST1501,CL_ST1421,False,4,2300,0.0931174089068826
ST1502,CL_ST0536,False,2,596,0.06421721797220127
ST1503,CL_ST0357,False,4,862,0.035625723260042985
ST1504,CL_ST1368,False,2,1357,0.08526547282437952
ST1505,CL_ST0494,False,5,271,0.01324341494404535
ST1506,CL_ST0553,False,4,1480,0.07323107372587828
ST1507,CL_ST0154,False,4,229,0.012846404128800629
ST1508,CL_ST0040,False,3,163,0.034673473728993834
ST1509,CL_ST1045,False,2,347,0.03830444861463738
ST1510,CL_ST0875,False,4,944,0.03011164274322169
ST1511,CL_ST1278,False,3,651,0.07865168539325842
ST1512,CL_ST1055,False,2,194,0.030265210608424336
ST1513,CL_ST1513,True,2,60,0.002145002145002145
ST1514,CL_ST0509,False,3,575,0.03690629011553274
ST1515,CL_ST0039,False,3,629,0.04011735442311372
ST1516,CL_ST0122,False,5,437,0.013583240084545568
ST1517,CL_ST0154,False,4,763,0.042802647817794234
ST1519,CL_ST1519,True,2,1752,0.6988432389309932
ST1520,CL_ST1138,False,5,2778,0.06932175475370564
ST1521,CL_ST0461,False,4,1000,0.04262938016881235
ST1523,CL_ST0068,False,5,20,0.016778523489932886
ST1524,CL_ST0734,False,3,385,0.031469674677129314
ST1525,CL_ST1274,False,2,35,0.009573304157549234
ST1526,CL_ST1527,False,2,12,0.24489795918367346
ST1527,CL_ST1527,True,2,37,0.7551020408163265
ST1528,CL_ST0609,False,4,11,0.00582010582010582
ST1529,CL_ST0054,False,3,19,0.009528585757271816
ST1530,CL_ST0446,False,5,1494,0.013974240255913798
ST1531,CL_ST1242,False,3,1166,0.07468135528085569
ST1532,CL_ST0482,False,4,1001,0.028678661471464587
ST1533,CL_ST1120,False,3,116,0.041952983725135624
ST1535,CL_ST0482,False,4,488,0.013981205592482237
